variable,source,lead_time,region,season,regime,rmse,mae,bias,n_samples,feedback_date
rainfall,nwp,24,R00,monsoon,clear,0.5558993720541802,0.3428866389276799,0.3428866389276799,16,2026-09-25
rainfall,nwp,24,R01,monsoon,clear,1.982258965377754,1.1229765275390988,1.122668569947576,16,2026-09-25
rainfall,nwp,24,R02,monsoon,clear,2.9266247933639127,2.6472723358947743,2.6472723358947743,16,2026-09-25
rainfall,nwp,24,R03,monsoon,clear,6.869933856289605,5.939600163044665,5.939600163044665,16,2026-09-25
rainfall,nwp,24,R10,monsoon,clear,1.198319024351734,0.6109951975727201,0.6109951975727201,16,2026-09-25
rainfall,nwp,24,R11,monsoon,clear,3.525680965126488,2.437751993624089,2.437751993624089,16,2026-09-25
rainfall,nwp,24,R12,monsoon,clear,24.364260236331912,9.603049805198582,9.603049805198582,16,2026-09-25
rainfall,nwp,24,R13,monsoon,clear,10.637607985761262,7.284274285567172,7.284268010395511,16,2026-09-25
rainfall,nwp,24,R20,monsoon,clear,0.0003052463938611,8.818993737552196e-05,-8.818993737552196e-05,16,2026-09-25
rainfall,nwp,24,R21,monsoon,clear,0.0351334070526362,0.0150782254042966,0.0096775851144255,16,2026-09-25
rainfall,nwp,24,R22,monsoon,clear,1.4375080123240356,0.4214393440458087,0.4206245965834504,16,2026-09-25
rainfall,nwp,24,R23,monsoon,clear,2.5840026018270605,1.7478340317031895,1.7478340317031895,16,2026-09-25
rainfall,nwp,24,R30,monsoon,clear,0.1549888324822701,0.0823779031007098,-0.0815948828672685,16,2026-09-25
rainfall,nwp,24,R31,monsoon,clear,0.5081748722003416,0.3121286527715229,-0.0733892685336288,16,2026-09-25
rainfall,nwp,24,R32,monsoon,clear,0.2331497386917026,0.1248421175520294,0.1231988109573182,16,2026-09-25
rainfall,nwp,24,R33,monsoon,clear,4.502327392637622,2.275899056419457,2.274710124260286,16,2026-09-25
rainfall,nwp,24,R00,monsoon,clear,2.0489285183835366,1.1301399692259493,1.1301399692259493,16,2026-09-25
rainfall,nwp,24,R01,monsoon,clear,1.8187279799932856,0.912700206479628,0.9101533729422194,16,2026-09-25
rainfall,nwp,24,R02,monsoon,clear,3.2194590722402268,2.9894691644931624,2.9894691644931624,16,2026-09-25
rainfall,nwp,24,R03,monsoon,clear,6.057847071352056,4.806190009560988,4.806190009560988,16,2026-09-25
rainfall,nwp,24,R10,monsoon,clear,1.3466049096003931,0.8865535965128396,0.8865535965128396,16,2026-09-25
rainfall,nwp,24,R11,monsoon,clear,9.943023229851544,5.981088073198597,5.981088073198597,16,2026-09-25
rainfall,nwp,24,R12,monsoon,clear,5.439349925098676,4.271950142063988,4.271950142063988,16,2026-09-25
rainfall,nwp,24,R13,monsoon,clear,8.402703248058424,6.153525427216445,6.153467952044185,16,2026-09-25
rainfall,nwp,24,R20,monsoon,clear,0.0003052463938611,8.818993737552196e-05,-8.818993737552196e-05,16,2026-09-25
rainfall,nwp,24,R21,monsoon,clear,0.7733327552206487,0.3164368166475665,0.3086719869239136,16,2026-09-25
rainfall,nwp,24,R22,monsoon,clear,1.8331883046082016,0.7399696961463396,0.7386426086892464,16,2026-09-25
rainfall,nwp,24,R23,monsoon,clear,5.805952616661381,3.3111845526397325,3.31074764755548,16,2026-09-25
rainfall,nwp,24,R30,monsoon,clear,0.178942954985801,0.0925559496150366,-0.0925559496150366,16,2026-09-25
rainfall,nwp,24,R31,monsoon,clear,0.5540230757617322,0.2993904825930628,0.0072187299406776,16,2026-09-25
rainfall,nwp,24,R32,monsoon,clear,0.3025037013113961,0.1666247128106882,0.1659908116524794,16,2026-09-25
rainfall,nwp,24,R33,monsoon,clear,3.477016993572102,2.197950643969879,2.197950643969879,16,2026-09-25
rainfall,ensemble,24,R00,monsoon,clear,0.3694838884814049,0.255751468943997,0.255740925453897,16,2026-09-25
rainfall,ensemble,24,R01,monsoon,clear,1.9137813619013508,1.4125681054813175,1.411108147921807,16,2026-09-25
rainfall,ensemble,24,R02,monsoon,clear,3.565240288882659,3.359573524751699,3.359573524751699,16,2026-09-25
rainfall,ensemble,24,R03,monsoon,clear,6.112343366729893,5.570464982906086,5.570464982906086,16,2026-09-25
rainfall,ensemble,24,R10,monsoon,clear,0.6840861586490219,0.4178148143710881,0.4178148143710881,16,2026-09-25
rainfall,ensemble,24,R11,monsoon,clear,2.803107641377464,1.7608055763174255,1.7608055763174255,16,2026-09-25
rainfall,ensemble,24,R12,monsoon,clear,7.600667262639019,5.701586063234529,5.701586063234529,16,2026-09-25
rainfall,ensemble,24,R13,monsoon,clear,8.309297191011867,6.638001902346661,6.638001902346661,16,2026-09-25
rainfall,ensemble,24,R20,monsoon,clear,0.0003052463938611,8.818993737552196e-05,-8.818993737552196e-05,16,2026-09-25
rainfall,ensemble,24,R21,monsoon,clear,0.1582354027077316,0.0693385264434673,0.0648114965482755,16,2026-09-25
rainfall,ensemble,24,R22,monsoon,clear,1.027402891754231,0.434921353918092,0.434194252574638,16,2026-09-25
rainfall,ensemble,24,R23,monsoon,clear,1.7114530499681169,1.2111989449945684,1.2111989449945684,16,2026-09-25
rainfall,ensemble,24,R30,monsoon,clear,0.1614871443250363,0.0858120086982617,-0.0858120086982617,16,2026-09-25
rainfall,ensemble,24,R31,monsoon,clear,0.3324753068702385,0.2371645508048803,-0.1267485558552578,16,2026-09-25
rainfall,ensemble,24,R32,monsoon,clear,0.4725727642273951,0.37007910342181,0.3694509051807007,16,2026-09-25
rainfall,ensemble,24,R33,monsoon,clear,3.1123630570130483,2.1500072021467003,2.1500072021467003,16,2026-09-25
rainfall,ensemble,24,R00,monsoon,clear,1.770067152903246,0.8055187058756181,0.8055187058756181,16,2026-09-25
rainfall,ensemble,24,R01,monsoon,clear,2.169724940696348,1.0623918666766414,1.0598859363246649,16,2026-09-25
rainfall,ensemble,24,R02,monsoon,clear,4.4315491002987,4.054388403851232,4.054388403851232,16,2026-09-25
rainfall,ensemble,24,R03,monsoon,clear,6.882794221854135,5.621131604667629,5.621131604667629,16,2026-09-25
rainfall,ensemble,24,R10,monsoon,clear,1.2581126931286732,0.9788518524832184,0.9788518524832184,16,2026-09-25
rainfall,ensemble,24,R11,monsoon,clear,6.594568328819518,4.6153055448499,4.6153055448499,16,2026-09-25
rainfall,ensemble,24,R12,monsoon,clear,7.143436822917112,5.749808234308931,5.749808234308931,16,2026-09-25
rainfall,ensemble,24,R13,monsoon,clear,8.460794651724536,6.687874199668424,6.687816724496163,16,2026-09-25
rainfall,ensemble,24,R20,monsoon,clear,0.0003052463938611,8.818993737552196e-05,-8.818993737552196e-05,16,2026-09-25
rainfall,ensemble,24,R21,monsoon,clear,0.7537049881737367,0.3503464693288082,0.3414503813761844,16,2026-09-25
rainfall,ensemble,24,R22,monsoon,clear,1.0869148531380015,0.6851386920060833,0.6851386920060833,16,2026-09-25
rainfall,ensemble,24,R23,monsoon,clear,3.123268228030256,2.139384156704376,2.139384156704376,16,2026-09-25
rainfall,ensemble,24,R30,monsoon,clear,0.1779606366100831,0.0921823791635582,-0.0921823791635582,16,2026-09-25
rainfall,ensemble,24,R31,monsoon,clear,0.7539608914114219,0.4006503473828611,0.0596588510157085,16,2026-09-25
rainfall,ensemble,24,R32,monsoon,clear,0.7100613973054614,0.4601902119158385,0.4595620136747291,16,2026-09-25
rainfall,ensemble,24,R33,monsoon,clear,3.728684890741144,2.749612177536553,2.749612177536553,16,2026-09-25
rainfall,nwp,24,R00,monsoon,clear,0.5558993720541802,0.3428866389276799,0.3428866389276799,16,2026-09-25
rainfall,nwp,24,R01,monsoon,clear,1.982258965377754,1.1229765275390988,1.122668569947576,16,2026-09-25
rainfall,nwp,24,R02,monsoon,clear,2.9266247933639127,2.6472723358947743,2.6472723358947743,16,2026-09-25
rainfall,nwp,24,R03,monsoon,clear,6.869933856289605,5.939600163044665,5.939600163044665,16,2026-09-25
rainfall,nwp,24,R10,monsoon,clear,1.198319024351734,0.6109951975727201,0.6109951975727201,16,2026-09-25
rainfall,nwp,24,R11,monsoon,clear,3.525680965126488,2.437751993624089,2.437751993624089,16,2026-09-25
rainfall,nwp,24,R12,monsoon,clear,24.364260236331912,9.603049805198582,9.603049805198582,16,2026-09-25
rainfall,nwp,24,R13,monsoon,clear,10.637607985761262,7.284274285567172,7.284268010395511,16,2026-09-25
rainfall,nwp,24,R20,monsoon,clear,0.0003052463938611,8.818993737552196e-05,-8.818993737552196e-05,16,2026-09-25
rainfall,nwp,24,R21,monsoon,clear,0.0351334070526362,0.0150782254042966,0.0096775851144255,16,2026-09-25
rainfall,nwp,24,R22,monsoon,clear,1.4375080123240356,0.4214393440458087,0.4206245965834504,16,2026-09-25
rainfall,nwp,24,R23,monsoon,clear,2.5840026018270605,1.7478340317031895,1.7478340317031895,16,2026-09-25
rainfall,nwp,24,R30,monsoon,clear,0.1549888324822701,0.0823779031007098,-0.0815948828672685,16,2026-09-25
rainfall,nwp,24,R31,monsoon,clear,0.5081748722003416,0.3121286527715229,-0.0733892685336288,16,2026-09-25
rainfall,nwp,24,R32,monsoon,clear,0.2331497386917026,0.1248421175520294,0.1231988109573182,16,2026-09-25
rainfall,nwp,24,R33,monsoon,clear,4.502327392637622,2.275899056419457,2.274710124260286,16,2026-09-25
rainfall,nwp,24,R00,monsoon,clear,2.0489285183835366,1.1301399692259493,1.1301399692259493,16,2026-09-25
rainfall,nwp,24,R01,monsoon,clear,1.8187279799932856,0.912700206479628,0.9101533729422194,16,2026-09-25
rainfall,nwp,24,R02,monsoon,clear,3.2194590722402268,2.9894691644931624,2.9894691644931624,16,2026-09-25
rainfall,nwp,24,R03,monsoon,clear,6.057847071352056,4.806190009560988,4.806190009560988,16,2026-09-25
rainfall,nwp,24,R10,monsoon,clear,1.3466049096003931,0.8865535965128396,0.8865535965128396,16,2026-09-25
rainfall,nwp,24,R11,monsoon,clear,9.943023229851544,5.981088073198597,5.981088073198597,16,2026-09-25
rainfall,nwp,24,R12,monsoon,clear,5.439349925098676,4.271950142063988,4.271950142063988,16,2026-09-25
rainfall,nwp,24,R13,monsoon,clear,8.402703248058424,6.153525427216445,6.153467952044185,16,2026-09-25
rainfall,nwp,24,R20,monsoon,clear,0.0003052463938611,8.818993737552196e-05,-8.818993737552196e-05,16,2026-09-25
rainfall,nwp,24,R21,monsoon,clear,0.7733327552206487,0.3164368166475665,0.3086719869239136,16,2026-09-25
rainfall,nwp,24,R22,monsoon,clear,1.8331883046082016,0.7399696961463396,0.7386426086892464,16,2026-09-25
rainfall,nwp,24,R23,monsoon,clear,5.805952616661381,3.3111845526397325,3.31074764755548,16,2026-09-25
rainfall,nwp,24,R30,monsoon,clear,0.178942954985801,0.0925559496150366,-0.0925559496150366,16,2026-09-25
rainfall,nwp,24,R31,monsoon,clear,0.5540230757617322,0.2993904825930628,0.0072187299406776,16,2026-09-25
rainfall,nwp,24,R32,monsoon,clear,0.3025037013113961,0.1666247128106882,0.1659908116524794,16,2026-09-25
rainfall,nwp,24,R33,monsoon,clear,3.477016993572102,2.197950643969879,2.197950643969879,16,2026-09-25
rainfall,ensemble,24,R00,monsoon,clear,0.3694838884814049,0.255751468943997,0.255740925453897,16,2026-09-25
rainfall,ensemble,24,R01,monsoon,clear,1.9137813619013508,1.4125681054813175,1.411108147921807,16,2026-09-25
rainfall,ensemble,24,R02,monsoon,clear,3.565240288882659,3.359573524751699,3.359573524751699,16,2026-09-25
rainfall,ensemble,24,R03,monsoon,clear,6.112343366729893,5.570464982906086,5.570464982906086,16,2026-09-25
rainfall,ensemble,24,R10,monsoon,clear,0.6840861586490219,0.4178148143710881,0.4178148143710881,16,2026-09-25
rainfall,ensemble,24,R11,monsoon,clear,2.803107641377464,1.7608055763174255,1.7608055763174255,16,2026-09-25
rainfall,ensemble,24,R12,monsoon,clear,7.600667262639019,5.701586063234529,5.701586063234529,16,2026-09-25
rainfall,ensemble,24,R13,monsoon,clear,8.309297191011867,6.638001902346661,6.638001902346661,16,2026-09-25
rainfall,ensemble,24,R20,monsoon,clear,0.0003052463938611,8.818993737552196e-05,-8.818993737552196e-05,16,2026-09-25
rainfall,ensemble,24,R21,monsoon,clear,0.1582354027077316,0.0693385264434673,0.0648114965482755,16,2026-09-25
rainfall,ensemble,24,R22,monsoon,clear,1.027402891754231,0.434921353918092,0.434194252574638,16,2026-09-25
rainfall,ensemble,24,R23,monsoon,clear,1.7114530499681169,1.2111989449945684,1.2111989449945684,16,2026-09-25
rainfall,ensemble,24,R30,monsoon,clear,0.1614871443250363,0.0858120086982617,-0.0858120086982617,16,2026-09-25
rainfall,ensemble,24,R31,monsoon,clear,0.3324753068702385,0.2371645508048803,-0.1267485558552578,16,2026-09-25
rainfall,ensemble,24,R32,monsoon,clear,0.4725727642273951,0.37007910342181,0.3694509051807007,16,2026-09-25
rainfall,ensemble,24,R33,monsoon,clear,3.1123630570130483,2.1500072021467003,2.1500072021467003,16,2026-09-25
rainfall,ensemble,24,R00,monsoon,clear,1.770067152903246,0.8055187058756181,0.8055187058756181,16,2026-09-25
rainfall,ensemble,24,R01,monsoon,clear,2.169724940696348,1.0623918666766414,1.0598859363246649,16,2026-09-25
rainfall,ensemble,24,R02,monsoon,clear,4.4315491002987,4.054388403851232,4.054388403851232,16,2026-09-25
rainfall,ensemble,24,R03,monsoon,clear,6.882794221854135,5.621131604667629,5.621131604667629,16,2026-09-25
rainfall,ensemble,24,R10,monsoon,clear,1.2581126931286732,0.9788518524832184,0.9788518524832184,16,2026-09-25
rainfall,ensemble,24,R11,monsoon,clear,6.594568328819518,4.6153055448499,4.6153055448499,16,2026-09-25
rainfall,ensemble,24,R12,monsoon,clear,7.143436822917112,5.749808234308931,5.749808234308931,16,2026-09-25
rainfall,ensemble,24,R13,monsoon,clear,8.460794651724536,6.687874199668424,6.687816724496163,16,2026-09-25
rainfall,ensemble,24,R20,monsoon,clear,0.0003052463938611,8.818993737552196e-05,-8.818993737552196e-05,16,2026-09-25
rainfall,ensemble,24,R21,monsoon,clear,0.7537049881737367,0.3503464693288082,0.3414503813761844,16,2026-09-25
rainfall,ensemble,24,R22,monsoon,clear,1.0869148531380015,0.6851386920060833,0.6851386920060833,16,2026-09-25
rainfall,ensemble,24,R23,monsoon,clear,3.123268228030256,2.139384156704376,2.139384156704376,16,2026-09-25
rainfall,ensemble,24,R30,monsoon,clear,0.1779606366100831,0.0921823791635582,-0.0921823791635582,16,2026-09-25
rainfall,ensemble,24,R31,monsoon,clear,0.7539608914114219,0.4006503473828611,0.0596588510157085,16,2026-09-25
rainfall,ensemble,24,R32,monsoon,clear,0.7100613973054614,0.4601902119158385,0.4595620136747291,16,2026-09-25
rainfall,ensemble,24,R33,monsoon,clear,3.728684890741144,2.749612177536553,2.749612177536553,16,2026-09-25
rainfall,nwp,24,R00,monsoon,clear,0.5558993720541802,0.3428866389276799,0.3428866389276799,16,2026-09-25
rainfall,nwp,24,R01,monsoon,clear,1.982258965377754,1.1229765275390988,1.122668569947576,16,2026-09-25
rainfall,nwp,24,R02,monsoon,clear,2.9266247933639127,2.6472723358947743,2.6472723358947743,16,2026-09-25
rainfall,nwp,24,R03,monsoon,clear,6.869933856289605,5.939600163044665,5.939600163044665,16,2026-09-25
rainfall,nwp,24,R10,monsoon,clear,1.198319024351734,0.6109951975727201,0.6109951975727201,16,2026-09-25
rainfall,nwp,24,R11,monsoon,clear,3.525680965126488,2.437751993624089,2.437751993624089,16,2026-09-25
rainfall,nwp,24,R12,monsoon,clear,24.364260236331912,9.603049805198582,9.603049805198582,16,2026-09-25
rainfall,nwp,24,R13,monsoon,clear,10.637607985761262,7.284274285567172,7.284268010395511,16,2026-09-25
rainfall,nwp,24,R20,monsoon,clear,0.0003052463938611,8.818993737552196e-05,-8.818993737552196e-05,16,2026-09-25
rainfall,nwp,24,R21,monsoon,clear,0.0351334070526362,0.0150782254042966,0.0096775851144255,16,2026-09-25
rainfall,nwp,24,R22,monsoon,clear,1.4375080123240356,0.4214393440458087,0.4206245965834504,16,2026-09-25
rainfall,nwp,24,R23,monsoon,clear,2.5840026018270605,1.7478340317031895,1.7478340317031895,16,2026-09-25
rainfall,nwp,24,R30,monsoon,clear,0.1549888324822701,0.0823779031007098,-0.0815948828672685,16,2026-09-25
rainfall,nwp,24,R31,monsoon,clear,0.5081748722003416,0.3121286527715229,-0.0733892685336288,16,2026-09-25
rainfall,nwp,24,R32,monsoon,clear,0.2331497386917026,0.1248421175520294,0.1231988109573182,16,2026-09-25
rainfall,nwp,24,R33,monsoon,clear,4.502327392637622,2.275899056419457,2.274710124260286,16,2026-09-25
rainfall,nwp,24,R00,monsoon,clear,2.0489285183835366,1.1301399692259493,1.1301399692259493,16,2026-09-25
rainfall,nwp,24,R01,monsoon,clear,1.8187279799932856,0.912700206479628,0.9101533729422194,16,2026-09-25
rainfall,nwp,24,R02,monsoon,clear,3.2194590722402268,2.9894691644931624,2.9894691644931624,16,2026-09-25
rainfall,nwp,24,R03,monsoon,clear,6.057847071352056,4.806190009560988,4.806190009560988,16,2026-09-25
rainfall,nwp,24,R10,monsoon,clear,1.3466049096003931,0.8865535965128396,0.8865535965128396,16,2026-09-25
rainfall,nwp,24,R11,monsoon,clear,9.943023229851544,5.981088073198597,5.981088073198597,16,2026-09-25
rainfall,nwp,24,R12,monsoon,clear,5.439349925098676,4.271950142063988,4.271950142063988,16,2026-09-25
rainfall,nwp,24,R13,monsoon,clear,8.402703248058424,6.153525427216445,6.153467952044185,16,2026-09-25
rainfall,nwp,24,R20,monsoon,clear,0.0003052463938611,8.818993737552196e-05,-8.818993737552196e-05,16,2026-09-25
rainfall,nwp,24,R21,monsoon,clear,0.7733327552206487,0.3164368166475665,0.3086719869239136,16,2026-09-25
rainfall,nwp,24,R22,monsoon,clear,1.8331883046082016,0.7399696961463396,0.7386426086892464,16,2026-09-25
rainfall,nwp,24,R23,monsoon,clear,5.805952616661381,3.3111845526397325,3.31074764755548,16,2026-09-25
rainfall,nwp,24,R30,monsoon,clear,0.178942954985801,0.0925559496150366,-0.0925559496150366,16,2026-09-25
rainfall,nwp,24,R31,monsoon,clear,0.5540230757617322,0.2993904825930628,0.0072187299406776,16,2026-09-25
rainfall,nwp,24,R32,monsoon,clear,0.3025037013113961,0.1666247128106882,0.1659908116524794,16,2026-09-25
rainfall,nwp,24,R33,monsoon,clear,3.477016993572102,2.197950643969879,2.197950643969879,16,2026-09-25
rainfall,ensemble,24,R00,monsoon,clear,0.3694838884814049,0.255751468943997,0.255740925453897,16,2026-09-25
rainfall,ensemble,24,R01,monsoon,clear,1.9137813619013508,1.4125681054813175,1.411108147921807,16,2026-09-25
rainfall,ensemble,24,R02,monsoon,clear,3.565240288882659,3.359573524751699,3.359573524751699,16,2026-09-25
rainfall,ensemble,24,R03,monsoon,clear,6.112343366729893,5.570464982906086,5.570464982906086,16,2026-09-25
rainfall,ensemble,24,R10,monsoon,clear,0.6840861586490219,0.4178148143710881,0.4178148143710881,16,2026-09-25
rainfall,ensemble,24,R11,monsoon,clear,2.803107641377464,1.7608055763174255,1.7608055763174255,16,2026-09-25
rainfall,ensemble,24,R12,monsoon,clear,7.600667262639019,5.701586063234529,5.701586063234529,16,2026-09-25
rainfall,ensemble,24,R13,monsoon,clear,8.309297191011867,6.638001902346661,6.638001902346661,16,2026-09-25
rainfall,ensemble,24,R20,monsoon,clear,0.0003052463938611,8.818993737552196e-05,-8.818993737552196e-05,16,2026-09-25
rainfall,ensemble,24,R21,monsoon,clear,0.1582354027077316,0.0693385264434673,0.0648114965482755,16,2026-09-25
rainfall,ensemble,24,R22,monsoon,clear,1.027402891754231,0.434921353918092,0.434194252574638,16,2026-09-25
rainfall,ensemble,24,R23,monsoon,clear,1.7114530499681169,1.2111989449945684,1.2111989449945684,16,2026-09-25
rainfall,ensemble,24,R30,monsoon,clear,0.1614871443250363,0.0858120086982617,-0.0858120086982617,16,2026-09-25
rainfall,ensemble,24,R31,monsoon,clear,0.3324753068702385,0.2371645508048803,-0.1267485558552578,16,2026-09-25
rainfall,ensemble,24,R32,monsoon,clear,0.4725727642273951,0.37007910342181,0.3694509051807007,16,2026-09-25
rainfall,ensemble,24,R33,monsoon,clear,3.1123630570130483,2.1500072021467003,2.1500072021467003,16,2026-09-25
rainfall,ensemble,24,R00,monsoon,clear,1.770067152903246,0.8055187058756181,0.8055187058756181,16,2026-09-25
rainfall,ensemble,24,R01,monsoon,clear,2.169724940696348,1.0623918666766414,1.0598859363246649,16,2026-09-25
rainfall,ensemble,24,R02,monsoon,clear,4.4315491002987,4.054388403851232,4.054388403851232,16,2026-09-25
rainfall,ensemble,24,R03,monsoon,clear,6.882794221854135,5.621131604667629,5.621131604667629,16,2026-09-25
rainfall,ensemble,24,R10,monsoon,clear,1.2581126931286732,0.9788518524832184,0.9788518524832184,16,2026-09-25
rainfall,ensemble,24,R11,monsoon,clear,6.594568328819518,4.6153055448499,4.6153055448499,16,2026-09-25
rainfall,ensemble,24,R12,monsoon,clear,7.143436822917112,5.749808234308931,5.749808234308931,16,2026-09-25
rainfall,ensemble,24,R13,monsoon,clear,8.460794651724536,6.687874199668424,6.687816724496163,16,2026-09-25
rainfall,ensemble,24,R20,monsoon,clear,0.0003052463938611,8.818993737552196e-05,-8.818993737552196e-05,16,2026-09-25
rainfall,ensemble,24,R21,monsoon,clear,0.7537049881737367,0.3503464693288082,0.3414503813761844,16,2026-09-25
rainfall,ensemble,24,R22,monsoon,clear,1.0869148531380015,0.6851386920060833,0.6851386920060833,16,2026-09-25
rainfall,ensemble,24,R23,monsoon,clear,3.123268228030256,2.139384156704376,2.139384156704376,16,2026-09-25
rainfall,ensemble,24,R30,monsoon,clear,0.1779606366100831,0.0921823791635582,-0.0921823791635582,16,2026-09-25
rainfall,ensemble,24,R31,monsoon,clear,0.7539608914114219,0.4006503473828611,0.0596588510157085,16,2026-09-25
rainfall,ensemble,24,R32,monsoon,clear,0.7100613973054614,0.4601902119158385,0.4595620136747291,16,2026-09-25
rainfall,ensemble,24,R33,monsoon,clear,3.728684890741144,2.749612177536553,2.749612177536553,16,2026-09-25
temperature,ai,24,R00,monsoon,clear,0.2791617990239903,0.1808839682329181,0.1732956556364675,16,2026-09-25
temperature,ai,24,R01,monsoon,clear,1.718609172328131,1.5348457053855624,1.5348457053855624,16,2026-09-25
temperature,ai,24,R02,monsoon,clear,1.0746372827295116,1.0066708813577037,1.0066708813577037,16,2026-09-25
temperature,ai,24,R03,monsoon,clear,0.5802371662749015,0.5137770530585561,0.5137770530585561,16,2026-09-25
temperature,ai,24,R10,monsoon,clear,2.2390244554564087,1.5679063308778636,1.5679063308778636,16,2026-09-25
temperature,ai,24,R11,monsoon,clear,2.467112273197458,2.288260465080353,2.288260465080353,16,2026-09-25
temperature,ai,24,R12,monsoon,clear,0.7190221168169895,0.618304008201315,-0.0312883692611917,16,2026-09-25
temperature,ai,24,R13,monsoon,clear,0.8078609303996184,0.7053834740909507,0.0047582831991082,16,2026-09-25
temperature,ai,24,R20,monsoon,clear,3.165187889053164,2.8639186428996286,2.8639186428996286,16,2026-09-25
temperature,ai,24,R21,monsoon,clear,1.4882074977514277,1.0530199573658146,0.5054927025312215,16,2026-09-25
temperature,ai,24,R22,monsoon,clear,2.187180774990572,1.6408245209117025,-1.0049138047960104,16,2026-09-25
temperature,ai,24,R23,monsoon,clear,2.56424122387928,2.102608978522662,-2.081842462359146,16,2026-09-25
temperature,ai,24,R30,monsoon,clear,3.2716123959262378,2.88676778073826,2.773688112528384,16,2026-09-25
temperature,ai,24,R31,monsoon,clear,1.7728339745857038,1.4931320008328877,-0.2079446392294842,16,2026-09-25
temperature,ai,24,R32,monsoon,clear,3.089749297829148,2.9892066666716866,-2.9892066666716866,16,2026-09-25
temperature,ai,24,R33,monsoon,clear,3.0584560190525005,2.751937471031317,-2.6341230805322464,16,2026-09-25
temperature,ai,24,R00,monsoon,clear,0.2791617990239903,0.1808839682329181,0.1732956556364675,16,2026-09-25
temperature,ai,24,R01,monsoon,clear,1.718609172328131,1.5348457053855624,1.5348457053855624,16,2026-09-25
temperature,ai,24,R02,monsoon,clear,1.0746372827295116,1.0066708813577037,1.0066708813577037,16,2026-09-25
temperature,ai,24,R03,monsoon,clear,0.5802371662749015,0.5137770530585561,0.5137770530585561,16,2026-09-25
temperature,ai,24,R10,monsoon,clear,2.2390244554564087,1.5679063308778636,1.5679063308778636,16,2026-09-25
temperature,ai,24,R11,monsoon,clear,2.467112273197458,2.288260465080353,2.288260465080353,16,2026-09-25
temperature,ai,24,R12,monsoon,clear,0.7190221168169895,0.618304008201315,-0.0312883692611917,16,2026-09-25
temperature,ai,24,R13,monsoon,clear,0.8078609303996184,0.7053834740909507,0.0047582831991082,16,2026-09-25
temperature,ai,24,R20,monsoon,clear,3.165187889053164,2.8639186428996286,2.8639186428996286,16,2026-09-25
temperature,ai,24,R21,monsoon,clear,1.4882074977514277,1.0530199573658146,0.5054927025312215,16,2026-09-25
temperature,ai,24,R22,monsoon,clear,2.187180774990572,1.6408245209117025,-1.0049138047960104,16,2026-09-25
temperature,ai,24,R23,monsoon,clear,2.56424122387928,2.102608978522662,-2.081842462359146,16,2026-09-25
temperature,ai,24,R30,monsoon,clear,3.2716123959262378,2.88676778073826,2.773688112528384,16,2026-09-25
temperature,ai,24,R31,monsoon,clear,1.7728339745857038,1.4931320008328877,-0.2079446392294842,16,2026-09-25
temperature,ai,24,R32,monsoon,clear,3.089749297829148,2.9892066666716866,-2.9892066666716866,16,2026-09-25
temperature,ai,24,R33,monsoon,clear,3.0584560190525005,2.751937471031317,-2.6341230805322464,16,2026-09-25
temperature,nwp,24,R00,monsoon,clear,1.2761957907006487,1.1736087684997534,1.1736087684997534,16,2026-09-25
temperature,nwp,24,R01,monsoon,clear,4.60963908579543,4.236196486233691,4.236196486233691,16,2026-09-25
temperature,nwp,24,R02,monsoon,clear,3.157346378492929,2.979540998042863,2.979540998042863,16,2026-09-25
temperature,nwp,24,R03,monsoon,clear,1.4130485943318425,1.25397112811054,1.1513323731808387,16,2026-09-25
temperature,nwp,24,R10,monsoon,clear,4.976148725956572,4.084830883638357,4.084830883638357,16,2026-09-25
temperature,nwp,24,R11,monsoon,clear,9.35306012930926,9.236603819293752,9.236603819293752,16,2026-09-25
temperature,nwp,24,R12,monsoon,clear,7.04552536095176,6.620296510296099,6.620296510296099,16,2026-09-25
temperature,nwp,24,R13,monsoon,clear,5.919735582663031,4.900176621425317,4.900176621425317,16,2026-09-25
temperature,nwp,24,R20,monsoon,clear,18.863231448734663,18.33187030054414,18.33187030054414,16,2026-09-25
temperature,nwp,24,R21,monsoon,clear,16.551177322577395,16.362052294884236,16.362052294884236,16,2026-09-25
temperature,nwp,24,R22,monsoon,clear,15.820163149039857,15.3788348106102,15.3788348106102,16,2026-09-25
temperature,nwp,24,R23,monsoon,clear,14.343577818363986,13.3105102017878,13.3105102017878,16,2026-09-25
temperature,nwp,24,R30,monsoon,clear,18.481364871833456,17.858511433751872,17.858511433751872,16,2026-09-25
temperature,nwp,24,R31,monsoon,clear,15.755157022779782,15.466026257801474,15.466026257801474,16,2026-09-25
temperature,nwp,24,R32,monsoon,clear,19.16019393388628,19.051182189439064,19.051182189439064,16,2026-09-25
temperature,nwp,24,R33,monsoon,clear,20.94146253524526,20.59340114180116,20.59340114180116,16,2026-09-25
temperature,nwp,24,R00,monsoon,clear,1.3599256162377031,1.2544624770259971,1.2544624770259971,16,2026-09-25
temperature,nwp,24,R01,monsoon,clear,4.407802260947345,4.000262885702006,4.000262885702006,16,2026-09-25
temperature,nwp,24,R02,monsoon,clear,3.214682786199352,3.0378311659573605,3.0378311659573605,16,2026-09-25
temperature,nwp,24,R03,monsoon,clear,1.5439871395366105,1.3946779302903107,0.9734777363174124,16,2026-09-25
temperature,nwp,24,R10,monsoon,clear,5.065542518466603,4.277304299436969,4.277304299436969,16,2026-09-25
temperature,nwp,24,R11,monsoon,clear,8.977442941335982,8.746419942408432,8.746419942408432,16,2026-09-25
temperature,nwp,24,R12,monsoon,clear,7.188862523399103,6.839415594972222,6.839415594972222,16,2026-09-25
temperature,nwp,24,R13,monsoon,clear,5.8772495462251655,4.95761250060283,4.95761250060283,16,2026-09-25
temperature,nwp,24,R20,monsoon,clear,18.852686330607927,18.24134301330817,18.24134301330817,16,2026-09-25
temperature,nwp,24,R21,monsoon,clear,16.209512858879243,16.014034962595275,16.014034962595275,16,2026-09-25
temperature,nwp,24,R22,monsoon,clear,15.369966747587377,14.825651055795216,14.825651055795216,16,2026-09-25
temperature,nwp,24,R23,monsoon,clear,14.056639191274565,13.061763683052272,13.061763683052272,16,2026-09-25
temperature,nwp,24,R30,monsoon,clear,18.41519173758813,17.856849634827284,17.856849634827284,16,2026-09-25
temperature,nwp,24,R31,monsoon,clear,15.489733740214682,15.21235198660643,15.21235198660643,16,2026-09-25
temperature,nwp,24,R32,monsoon,clear,17.940196777026028,17.871100006731446,17.871100006731446,16,2026-09-25
temperature,nwp,24,R33,monsoon,clear,19.78023436248709,19.10931989421242,19.10931989421242,16,2026-09-25
temperature,ensemble,24,R00,monsoon,clear,1.1458517288668912,1.0285525860151887,1.0285525860151887,16,2026-09-25
temperature,ensemble,24,R01,monsoon,clear,4.725564421961157,4.343342832714456,4.343342832714456,16,2026-09-25
temperature,ensemble,24,R02,monsoon,clear,3.4666267479045887,3.341242782529973,3.341242782529973,16,2026-09-25
temperature,ensemble,24,R03,monsoon,clear,1.7272084215718462,1.639610111775544,1.639610111775544,16,2026-09-25
temperature,ensemble,24,R10,monsoon,clear,4.990938198137778,4.0972729115427375,4.0972729115427375,16,2026-09-25
temperature,ensemble,24,R11,monsoon,clear,9.484675462462448,9.342150601045589,9.342150601045589,16,2026-09-25
temperature,ensemble,24,R12,monsoon,clear,7.3089321346311324,6.964596318374453,6.964596318374453,16,2026-09-25
temperature,ensemble,24,R13,monsoon,clear,6.163956811348617,5.365172269844734,5.365172269844734,16,2026-09-25
temperature,ensemble,24,R20,monsoon,clear,18.596677766855983,18.006975642702724,18.006975642702724,16,2026-09-25
temperature,ensemble,24,R21,monsoon,clear,16.107431875149764,15.895547905439235,15.895547905439235,16,2026-09-25
temperature,ensemble,24,R22,monsoon,clear,15.2986150519321,14.923745826438648,14.923745826438648,16,2026-09-25
temperature,ensemble,24,R23,monsoon,clear,13.92836496238629,13.142692649433192,13.142692649433192,16,2026-09-25
temperature,ensemble,24,R30,monsoon,clear,18.279703017772448,17.738196190937405,17.738196190937405,16,2026-09-25
temperature,ensemble,24,R31,monsoon,clear,15.43743430232982,15.134908591062484,15.134908591062484,16,2026-09-25
temperature,ensemble,24,R32,monsoon,clear,19.00047758528025,18.935547050821445,18.935547050821445,16,2026-09-25
temperature,ensemble,24,R33,monsoon,clear,21.301262307592896,20.985530771430792,20.985530771430792,16,2026-09-25
temperature,ensemble,24,R00,monsoon,clear,1.1472674807225405,1.0452926455734572,1.0452926455734572,16,2026-09-25
temperature,ensemble,24,R01,monsoon,clear,4.370804323565112,4.016886759942467,4.016886759942467,16,2026-09-25
temperature,ensemble,24,R02,monsoon,clear,3.560861297202443,3.428089593330041,3.428089593330041,16,2026-09-25
temperature,ensemble,24,R03,monsoon,clear,1.6806294097693608,1.5000398746276065,1.5000398746276065,16,2026-09-25
temperature,ensemble,24,R10,monsoon,clear,5.108422997268852,4.279755629551276,4.279755629551276,16,2026-09-25
temperature,ensemble,24,R11,monsoon,clear,9.150480549678427,8.964579817218553,8.964579817218553,16,2026-09-25
temperature,ensemble,24,R12,monsoon,clear,7.371914603192646,7.07389098085003,7.07389098085003,16,2026-09-25
temperature,ensemble,24,R13,monsoon,clear,6.066651017472455,5.274848749608182,5.274848749608182,16,2026-09-25
temperature,ensemble,24,R20,monsoon,clear,18.65296726583588,18.02497284186721,18.02497284186721,16,2026-09-25
temperature,ensemble,24,R21,monsoon,clear,16.038826044793463,15.813237750206476,15.813237750206476,16,2026-09-25
temperature,ensemble,24,R22,monsoon,clear,15.065407468810648,14.632290672019716,14.632290672019716,16,2026-09-25
temperature,ensemble,24,R23,monsoon,clear,13.685596490960355,12.869730658511603,12.869730658511603,16,2026-09-25
temperature,ensemble,24,R30,monsoon,clear,18.316403338189275,17.824047684113545,17.824047684113545,16,2026-09-25
temperature,ensemble,24,R31,monsoon,clear,14.95657460896032,14.667781199388576,14.667781199388576,16,2026-09-25
temperature,ensemble,24,R32,monsoon,clear,17.595047595021082,17.54374634416997,17.54374634416997,16,2026-09-25
temperature,ensemble,24,R33,monsoon,clear,19.59283143048992,18.87049291456352,18.87049291456352,16,2026-09-25
temperature,ai,72,R00,monsoon,clear,0.4850139375419244,0.4197576929414224,-0.4197576929414224,16,2026-09-25
temperature,ai,72,R01,monsoon,clear,1.252749649756545,1.1124842426315755,1.1124842426315755,16,2026-09-25
temperature,ai,72,R02,monsoon,clear,0.7689756149596231,0.6451195409955321,0.418874237939655,16,2026-09-25
temperature,ai,72,R03,monsoon,clear,0.4138959786818382,0.3439117758166152,0.1416489237718635,16,2026-09-25
temperature,ai,72,R10,monsoon,clear,2.24219380981883,1.641383756158778,1.04467566344964,16,2026-09-25
temperature,ai,72,R11,monsoon,clear,2.7667334726498467,2.555349696594991,2.555349696594991,16,2026-09-25
temperature,ai,72,R12,monsoon,clear,0.6724671406449774,0.5075192948329565,0.4047742085397949,16,2026-09-25
temperature,ai,72,R13,monsoon,clear,0.5218732159057085,0.4447365391107265,-0.2182740940674827,16,2026-09-25
temperature,ai,72,R20,monsoon,clear,4.215026198096254,3.95936221526974,3.95936221526974,16,2026-09-25
temperature,ai,72,R21,monsoon,clear,4.40422100053838,4.268610852088456,4.268610852088456,16,2026-09-25
temperature,ai,72,R22,monsoon,clear,3.087655468967797,2.60884467325093,2.60884467325093,16,2026-09-25
temperature,ai,72,R23,monsoon,clear,1.139284025580106,0.9509826264558024,-0.7201240840958957,16,2026-09-25
temperature,ai,72,R30,monsoon,clear,2.7210242831882065,2.196841441548236,2.128277751990622,16,2026-09-25
temperature,ai,72,R31,monsoon,clear,3.132005362531987,2.953193410237628,2.953193410237628,16,2026-09-25
temperature,ai,72,R32,monsoon,clear,3.9666738472954086,3.919987727663649,3.919987727663649,16,2026-09-25
temperature,ai,72,R33,monsoon,clear,2.433780670677425,2.228787646718799,1.9892540859227603,16,2026-09-25
temperature,ai,72,R00,monsoon,clear,0.4850139375419244,0.4197576929414224,-0.4197576929414224,16,2026-09-25
temperature,ai,72,R01,monsoon,clear,1.252749649756545,1.1124842426315755,1.1124842426315755,16,2026-09-25
temperature,ai,72,R02,monsoon,clear,0.7689756149596231,0.6451195409955321,0.418874237939655,16,2026-09-25
temperature,ai,72,R03,monsoon,clear,0.4138959786818382,0.3439117758166152,0.1416489237718635,16,2026-09-25
temperature,ai,72,R10,monsoon,clear,2.24219380981883,1.641383756158778,1.04467566344964,16,2026-09-25
temperature,ai,72,R11,monsoon,clear,2.7667334726498467,2.555349696594991,2.555349696594991,16,2026-09-25
temperature,ai,72,R12,monsoon,clear,0.6724671406449774,0.5075192948329565,0.4047742085397949,16,2026-09-25
temperature,ai,72,R13,monsoon,clear,0.5218732159057085,0.4447365391107265,-0.2182740940674827,16,2026-09-25
temperature,ai,72,R20,monsoon,clear,4.215026198096254,3.95936221526974,3.95936221526974,16,2026-09-25
temperature,ai,72,R21,monsoon,clear,4.40422100053838,4.268610852088456,4.268610852088456,16,2026-09-25
temperature,ai,72,R22,monsoon,clear,3.087655468967797,2.60884467325093,2.60884467325093,16,2026-09-25
temperature,ai,72,R23,monsoon,clear,1.139284025580106,0.9509826264558024,-0.7201240840958957,16,2026-09-25
temperature,ai,72,R30,monsoon,clear,2.7210242831882065,2.196841441548236,2.128277751990622,16,2026-09-25
temperature,ai,72,R31,monsoon,clear,3.132005362531987,2.953193410237628,2.953193410237628,16,2026-09-25
temperature,ai,72,R32,monsoon,clear,3.9666738472954086,3.919987727663649,3.919987727663649,16,2026-09-25
temperature,ai,72,R33,monsoon,clear,2.433780670677425,2.228787646718799,1.9892540859227603,16,2026-09-25
temperature,nwp,72,R00,monsoon,clear,1.2021343974535583,1.1311486297314464,1.1311486297314464,16,2026-09-25
temperature,nwp,72,R01,monsoon,clear,4.079777240725096,3.841987479253065,3.841987479253065,16,2026-09-25
temperature,nwp,72,R02,monsoon,clear,3.056829968786812,2.9024471078880403,2.9024471078880403,16,2026-09-25
temperature,nwp,72,R03,monsoon,clear,1.3544807753871693,1.1834428349247696,0.7679416065190073,16,2026-09-25
temperature,nwp,72,R10,monsoon,clear,4.569380381093056,3.73088357054158,3.73088357054158,16,2026-09-25
temperature,nwp,72,R11,monsoon,clear,8.66230241703976,8.402757349838451,8.402757349838451,16,2026-09-25
temperature,nwp,72,R12,monsoon,clear,7.013673786701913,6.626449862821597,6.626449862821597,16,2026-09-25
temperature,nwp,72,R13,monsoon,clear,5.874888840962978,5.019751884554647,5.019751884554647,16,2026-09-25
temperature,nwp,72,R20,monsoon,clear,18.332127130910003,17.468958855774193,17.468958855774193,16,2026-09-25
temperature,nwp,72,R21,monsoon,clear,15.936802728328876,15.689596757300128,15.689596757300128,16,2026-09-25
temperature,nwp,72,R22,monsoon,clear,14.929829503932911,14.496157579775256,14.496157579775256,16,2026-09-25
temperature,nwp,72,R23,monsoon,clear,14.36850372791266,13.269971023999162,13.269971023999162,16,2026-09-25
temperature,nwp,72,R30,monsoon,clear,18.70501947227113,18.07586243261856,18.07586243261856,16,2026-09-25
temperature,nwp,72,R31,monsoon,clear,15.362699523470566,15.0893385453087,15.0893385453087,16,2026-09-25
temperature,nwp,72,R32,monsoon,clear,17.52529899163588,17.46816020321946,17.46816020321946,16,2026-09-25
temperature,nwp,72,R33,monsoon,clear,20.063545157802142,19.656579400626388,19.656579400626388,16,2026-09-25
temperature,nwp,72,R00,monsoon,clear,1.258743368107661,1.2293118332181274,1.2293118332181274,16,2026-09-25
temperature,nwp,72,R01,monsoon,clear,4.255550445042278,3.981499141489049,3.981499141489049,16,2026-09-25
temperature,nwp,72,R02,monsoon,clear,3.216223795752577,3.071808567125604,3.071808567125604,16,2026-09-25
temperature,nwp,72,R03,monsoon,clear,1.4676074925337108,1.247041122792352,1.2158867863993978,16,2026-09-25
temperature,nwp,72,R10,monsoon,clear,4.507706064486118,3.804984432267556,3.804984432267556,16,2026-09-25
temperature,nwp,72,R11,monsoon,clear,8.303347298058858,8.08649627873927,8.08649627873927,16,2026-09-25
temperature,nwp,72,R12,monsoon,clear,7.478672891689772,7.118328609702021,7.118328609702021,16,2026-09-25
temperature,nwp,72,R13,monsoon,clear,6.203224119917544,5.406812747908238,5.406812747908238,16,2026-09-25
temperature,nwp,72,R20,monsoon,clear,17.766950468948355,16.926841941802106,16.926841941802106,16,2026-09-25
temperature,nwp,72,R21,monsoon,clear,14.597897848506117,14.431668383751408,14.431668383751408,16,2026-09-25
temperature,nwp,72,R22,monsoon,clear,13.815304928749436,13.358949768631582,13.358949768631582,16,2026-09-25
temperature,nwp,72,R23,monsoon,clear,13.711465213665932,12.628406365163087,12.628406365163087,16,2026-09-25
temperature,nwp,72,R30,monsoon,clear,18.086077040474485,17.414613999941093,17.414613999941093,16,2026-09-25
temperature,nwp,72,R31,monsoon,clear,15.137531412128984,14.860661324081148,14.860661324081148,16,2026-09-25
temperature,nwp,72,R32,monsoon,clear,18.38691472311237,18.30952338952589,18.30952338952589,16,2026-09-25
temperature,nwp,72,R33,monsoon,clear,20.79739641750033,20.47538323212716,20.47538323212716,16,2026-09-25
temperature,ensemble,72,R00,monsoon,clear,0.9531684341807636,0.8317612267848662,0.8317612267848662,16,2026-09-25
temperature,ensemble,72,R01,monsoon,clear,4.19710743633401,3.823785122843945,3.823785122843945,16,2026-09-25
temperature,ensemble,72,R02,monsoon,clear,3.50616765480137,3.396816592118364,3.396816592118364,16,2026-09-25
temperature,ensemble,72,R03,monsoon,clear,1.5060755873719416,1.2761695976937564,1.2761695976937564,16,2026-09-25
temperature,ensemble,72,R10,monsoon,clear,4.5141734999528005,3.6931860087830457,3.6931860087830457,16,2026-09-25
temperature,ensemble,72,R11,monsoon,clear,8.765263009241096,8.575955261418846,8.575955261418846,16,2026-09-25
temperature,ensemble,72,R12,monsoon,clear,7.477078741268172,7.138927983413505,7.138927983413505,16,2026-09-25
temperature,ensemble,72,R13,monsoon,clear,6.166887554849489,5.419064278308284,5.419064278308284,16,2026-09-25
temperature,ensemble,72,R20,monsoon,clear,17.965621107517954,17.12650223594635,17.12650223594635,16,2026-09-25
temperature,ensemble,72,R21,monsoon,clear,15.930619234655214,15.678555327992395,15.678555327992395,16,2026-09-25
temperature,ensemble,72,R22,monsoon,clear,14.74601982476405,14.384417637012668,14.384417637012668,16,2026-09-25
temperature,ensemble,72,R23,monsoon,clear,13.775516097970902,12.927637039624171,12.927637039624171,16,2026-09-25
temperature,ensemble,72,R30,monsoon,clear,18.34041666366976,17.827831185632633,17.827831185632633,16,2026-09-25
temperature,ensemble,72,R31,monsoon,clear,14.871690740761798,14.587115803157385,14.587115803157385,16,2026-09-25
temperature,ensemble,72,R32,monsoon,clear,17.08584248754419,17.04144528487094,17.04144528487094,16,2026-09-25
temperature,ensemble,72,R33,monsoon,clear,20.197940019523863,19.782057629913627,19.782057629913627,16,2026-09-25
temperature,ensemble,72,R00,monsoon,clear,1.0078403731251746,0.9497893541961244,0.9497893541961244,16,2026-09-25
temperature,ensemble,72,R01,monsoon,clear,4.099702096507503,3.7871046554502734,3.7871046554502734,16,2026-09-25
temperature,ensemble,72,R02,monsoon,clear,3.5074171374447745,3.3902283782331217,3.3902283782331217,16,2026-09-25
temperature,ensemble,72,R03,monsoon,clear,1.5153029379753915,1.3402967045369536,1.3402967045369536,16,2026-09-25
temperature,ensemble,72,R10,monsoon,clear,4.535455724670442,3.766686284571517,3.766686284571517,16,2026-09-25
temperature,ensemble,72,R11,monsoon,clear,8.576800350461099,8.365960152708444,8.365960152708444,16,2026-09-25
temperature,ensemble,72,R12,monsoon,clear,7.531361895800379,7.230227328641898,7.230227328641898,16,2026-09-25
temperature,ensemble,72,R13,monsoon,clear,6.167140877893797,5.447719368640303,5.447719368640303,16,2026-09-25
temperature,ensemble,72,R20,monsoon,clear,17.805670004933543,17.005252721967015,17.005252721967015,16,2026-09-25
temperature,ensemble,72,R21,monsoon,clear,15.073276106648317,14.878111610883565,14.878111610883565,16,2026-09-25
temperature,ensemble,72,R22,monsoon,clear,13.920633315628796,13.617425797073968,13.617425797073968,16,2026-09-25
temperature,ensemble,72,R23,monsoon,clear,13.497543309142706,12.597803688206335,12.597803688206335,16,2026-09-25
temperature,ensemble,72,R30,monsoon,clear,18.001946326458654,17.492401889963265,17.492401889963265,16,2026-09-25
temperature,ensemble,72,R31,monsoon,clear,14.43726915776561,14.123855406835782,14.123855406835782,16,2026-09-25
temperature,ensemble,72,R32,monsoon,clear,17.762037552200752,17.6873584838365,17.6873584838365,16,2026-09-25
temperature,ensemble,72,R33,monsoon,clear,20.98484127190532,20.679442763256603,20.679442763256603,16,2026-09-25
temperature,ai,72,R00,monsoon,clear,0.4850139375419244,0.4197576929414224,-0.4197576929414224,16,2026-09-25
temperature,ai,72,R01,monsoon,clear,1.252749649756545,1.1124842426315755,1.1124842426315755,16,2026-09-25
temperature,ai,72,R02,monsoon,clear,0.7689756149596231,0.6451195409955321,0.418874237939655,16,2026-09-25
temperature,ai,72,R03,monsoon,clear,0.4138959786818382,0.3439117758166152,0.1416489237718635,16,2026-09-25
temperature,ai,72,R10,monsoon,clear,2.24219380981883,1.641383756158778,1.04467566344964,16,2026-09-25
temperature,ai,72,R11,monsoon,clear,2.7667334726498467,2.555349696594991,2.555349696594991,16,2026-09-25
temperature,ai,72,R12,monsoon,clear,0.6724671406449774,0.5075192948329565,0.4047742085397949,16,2026-09-25
temperature,ai,72,R13,monsoon,clear,0.5218732159057085,0.4447365391107265,-0.2182740940674827,16,2026-09-25
temperature,ai,72,R20,monsoon,clear,4.215026198096254,3.95936221526974,3.95936221526974,16,2026-09-25
temperature,ai,72,R21,monsoon,clear,4.40422100053838,4.268610852088456,4.268610852088456,16,2026-09-25
temperature,ai,72,R22,monsoon,clear,3.087655468967797,2.60884467325093,2.60884467325093,16,2026-09-25
temperature,ai,72,R23,monsoon,clear,1.139284025580106,0.9509826264558024,-0.7201240840958957,16,2026-09-25
temperature,ai,72,R30,monsoon,clear,2.7210242831882065,2.196841441548236,2.128277751990622,16,2026-09-25
temperature,ai,72,R31,monsoon,clear,3.132005362531987,2.953193410237628,2.953193410237628,16,2026-09-25
temperature,ai,72,R32,monsoon,clear,3.9666738472954086,3.919987727663649,3.919987727663649,16,2026-09-25
temperature,ai,72,R33,monsoon,clear,2.433780670677425,2.228787646718799,1.9892540859227603,16,2026-09-25
temperature,ai,72,R00,monsoon,clear,0.4850139375419244,0.4197576929414224,-0.4197576929414224,16,2026-09-25
temperature,ai,72,R01,monsoon,clear,1.252749649756545,1.1124842426315755,1.1124842426315755,16,2026-09-25
temperature,ai,72,R02,monsoon,clear,0.7689756149596231,0.6451195409955321,0.418874237939655,16,2026-09-25
temperature,ai,72,R03,monsoon,clear,0.4138959786818382,0.3439117758166152,0.1416489237718635,16,2026-09-25
temperature,ai,72,R10,monsoon,clear,2.24219380981883,1.641383756158778,1.04467566344964,16,2026-09-25
temperature,ai,72,R11,monsoon,clear,2.7667334726498467,2.555349696594991,2.555349696594991,16,2026-09-25
temperature,ai,72,R12,monsoon,clear,0.6724671406449774,0.5075192948329565,0.4047742085397949,16,2026-09-25
temperature,ai,72,R13,monsoon,clear,0.5218732159057085,0.4447365391107265,-0.2182740940674827,16,2026-09-25
temperature,ai,72,R20,monsoon,clear,4.215026198096254,3.95936221526974,3.95936221526974,16,2026-09-25
temperature,ai,72,R21,monsoon,clear,4.40422100053838,4.268610852088456,4.268610852088456,16,2026-09-25
temperature,ai,72,R22,monsoon,clear,3.087655468967797,2.60884467325093,2.60884467325093,16,2026-09-25
temperature,ai,72,R23,monsoon,clear,1.139284025580106,0.9509826264558024,-0.7201240840958957,16,2026-09-25
temperature,ai,72,R30,monsoon,clear,2.7210242831882065,2.196841441548236,2.128277751990622,16,2026-09-25
temperature,ai,72,R31,monsoon,clear,3.132005362531987,2.953193410237628,2.953193410237628,16,2026-09-25
temperature,ai,72,R32,monsoon,clear,3.9666738472954086,3.919987727663649,3.919987727663649,16,2026-09-25
temperature,ai,72,R33,monsoon,clear,2.433780670677425,2.228787646718799,1.9892540859227603,16,2026-09-25
temperature,nwp,72,R00,monsoon,clear,1.2021343974535583,1.1311486297314464,1.1311486297314464,16,2026-09-25
temperature,nwp,72,R01,monsoon,clear,4.079777240725096,3.841987479253065,3.841987479253065,16,2026-09-25
temperature,nwp,72,R02,monsoon,clear,3.056829968786812,2.9024471078880403,2.9024471078880403,16,2026-09-25
temperature,nwp,72,R03,monsoon,clear,1.3544807753871693,1.1834428349247696,0.7679416065190073,16,2026-09-25
temperature,nwp,72,R10,monsoon,clear,4.569380381093056,3.73088357054158,3.73088357054158,16,2026-09-25
temperature,nwp,72,R11,monsoon,clear,8.66230241703976,8.402757349838451,8.402757349838451,16,2026-09-25
temperature,nwp,72,R12,monsoon,clear,7.013673786701913,6.626449862821597,6.626449862821597,16,2026-09-25
temperature,nwp,72,R13,monsoon,clear,5.874888840962978,5.019751884554647,5.019751884554647,16,2026-09-25
temperature,nwp,72,R20,monsoon,clear,18.332127130910003,17.468958855774193,17.468958855774193,16,2026-09-25
temperature,nwp,72,R21,monsoon,clear,15.936802728328876,15.689596757300128,15.689596757300128,16,2026-09-25
temperature,nwp,72,R22,monsoon,clear,14.929829503932911,14.496157579775256,14.496157579775256,16,2026-09-25
temperature,nwp,72,R23,monsoon,clear,14.36850372791266,13.269971023999162,13.269971023999162,16,2026-09-25
temperature,nwp,72,R30,monsoon,clear,18.70501947227113,18.07586243261856,18.07586243261856,16,2026-09-25
temperature,nwp,72,R31,monsoon,clear,15.362699523470566,15.0893385453087,15.0893385453087,16,2026-09-25
temperature,nwp,72,R32,monsoon,clear,17.52529899163588,17.46816020321946,17.46816020321946,16,2026-09-25
temperature,nwp,72,R33,monsoon,clear,20.063545157802142,19.656579400626388,19.656579400626388,16,2026-09-25
temperature,nwp,72,R00,monsoon,clear,1.258743368107661,1.2293118332181274,1.2293118332181274,16,2026-09-25
temperature,nwp,72,R01,monsoon,clear,4.255550445042278,3.981499141489049,3.981499141489049,16,2026-09-25
temperature,nwp,72,R02,monsoon,clear,3.216223795752577,3.071808567125604,3.071808567125604,16,2026-09-25
temperature,nwp,72,R03,monsoon,clear,1.4676074925337108,1.247041122792352,1.2158867863993978,16,2026-09-25
temperature,nwp,72,R10,monsoon,clear,4.507706064486118,3.804984432267556,3.804984432267556,16,2026-09-25
temperature,nwp,72,R11,monsoon,clear,8.303347298058858,8.08649627873927,8.08649627873927,16,2026-09-25
temperature,nwp,72,R12,monsoon,clear,7.478672891689772,7.118328609702021,7.118328609702021,16,2026-09-25
temperature,nwp,72,R13,monsoon,clear,6.203224119917544,5.406812747908238,5.406812747908238,16,2026-09-25
temperature,nwp,72,R20,monsoon,clear,17.766950468948355,16.926841941802106,16.926841941802106,16,2026-09-25
temperature,nwp,72,R21,monsoon,clear,14.597897848506117,14.431668383751408,14.431668383751408,16,2026-09-25
temperature,nwp,72,R22,monsoon,clear,13.815304928749436,13.358949768631582,13.358949768631582,16,2026-09-25
temperature,nwp,72,R23,monsoon,clear,13.711465213665932,12.628406365163087,12.628406365163087,16,2026-09-25
temperature,nwp,72,R30,monsoon,clear,18.086077040474485,17.414613999941093,17.414613999941093,16,2026-09-25
temperature,nwp,72,R31,monsoon,clear,15.137531412128984,14.860661324081148,14.860661324081148,16,2026-09-25
temperature,nwp,72,R32,monsoon,clear,18.38691472311237,18.30952338952589,18.30952338952589,16,2026-09-25
temperature,nwp,72,R33,monsoon,clear,20.79739641750033,20.47538323212716,20.47538323212716,16,2026-09-25
temperature,ensemble,72,R00,monsoon,clear,0.9531684341807636,0.8317612267848662,0.8317612267848662,16,2026-09-25
temperature,ensemble,72,R01,monsoon,clear,4.19710743633401,3.823785122843945,3.823785122843945,16,2026-09-25
temperature,ensemble,72,R02,monsoon,clear,3.50616765480137,3.396816592118364,3.396816592118364,16,2026-09-25
temperature,ensemble,72,R03,monsoon,clear,1.5060755873719416,1.2761695976937564,1.2761695976937564,16,2026-09-25
temperature,ensemble,72,R10,monsoon,clear,4.5141734999528005,3.6931860087830457,3.6931860087830457,16,2026-09-25
temperature,ensemble,72,R11,monsoon,clear,8.765263009241096,8.575955261418846,8.575955261418846,16,2026-09-25
temperature,ensemble,72,R12,monsoon,clear,7.477078741268172,7.138927983413505,7.138927983413505,16,2026-09-25
temperature,ensemble,72,R13,monsoon,clear,6.166887554849489,5.419064278308284,5.419064278308284,16,2026-09-25
temperature,ensemble,72,R20,monsoon,clear,17.965621107517954,17.12650223594635,17.12650223594635,16,2026-09-25
temperature,ensemble,72,R21,monsoon,clear,15.930619234655214,15.678555327992395,15.678555327992395,16,2026-09-25
temperature,ensemble,72,R22,monsoon,clear,14.74601982476405,14.384417637012668,14.384417637012668,16,2026-09-25
temperature,ensemble,72,R23,monsoon,clear,13.775516097970902,12.927637039624171,12.927637039624171,16,2026-09-25
temperature,ensemble,72,R30,monsoon,clear,18.34041666366976,17.827831185632633,17.827831185632633,16,2026-09-25
temperature,ensemble,72,R31,monsoon,clear,14.871690740761798,14.587115803157385,14.587115803157385,16,2026-09-25
temperature,ensemble,72,R32,monsoon,clear,17.08584248754419,17.04144528487094,17.04144528487094,16,2026-09-25
temperature,ensemble,72,R33,monsoon,clear,20.197940019523863,19.782057629913627,19.782057629913627,16,2026-09-25
temperature,ensemble,72,R00,monsoon,clear,1.0078403731251746,0.9497893541961244,0.9497893541961244,16,2026-09-25
temperature,ensemble,72,R01,monsoon,clear,4.099702096507503,3.7871046554502734,3.7871046554502734,16,2026-09-25
temperature,ensemble,72,R02,monsoon,clear,3.5074171374447745,3.3902283782331217,3.3902283782331217,16,2026-09-25
temperature,ensemble,72,R03,monsoon,clear,1.5153029379753915,1.3402967045369536,1.3402967045369536,16,2026-09-25
temperature,ensemble,72,R10,monsoon,clear,4.535455724670442,3.766686284571517,3.766686284571517,16,2026-09-25
temperature,ensemble,72,R11,monsoon,clear,8.576800350461099,8.365960152708444,8.365960152708444,16,2026-09-25
temperature,ensemble,72,R12,monsoon,clear,7.531361895800379,7.230227328641898,7.230227328641898,16,2026-09-25
temperature,ensemble,72,R13,monsoon,clear,6.167140877893797,5.447719368640303,5.447719368640303,16,2026-09-25
temperature,ensemble,72,R20,monsoon,clear,17.805670004933543,17.005252721967015,17.005252721967015,16,2026-09-25
temperature,ensemble,72,R21,monsoon,clear,15.073276106648317,14.878111610883565,14.878111610883565,16,2026-09-25
temperature,ensemble,72,R22,monsoon,clear,13.920633315628796,13.617425797073968,13.617425797073968,16,2026-09-25
temperature,ensemble,72,R23,monsoon,clear,13.497543309142706,12.597803688206335,12.597803688206335,16,2026-09-25
temperature,ensemble,72,R30,monsoon,clear,18.001946326458654,17.492401889963265,17.492401889963265,16,2026-09-25
temperature,ensemble,72,R31,monsoon,clear,14.43726915776561,14.123855406835782,14.123855406835782,16,2026-09-25
temperature,ensemble,72,R32,monsoon,clear,17.762037552200752,17.6873584838365,17.6873584838365,16,2026-09-25
temperature,ensemble,72,R33,monsoon,clear,20.98484127190532,20.679442763256603,20.679442763256603,16,2026-09-25
temperature,ai,72,R00,monsoon,clear,0.4850139375419244,0.4197576929414224,-0.4197576929414224,16,2026-09-25
temperature,ai,72,R01,monsoon,clear,1.252749649756545,1.1124842426315755,1.1124842426315755,16,2026-09-25
temperature,ai,72,R02,monsoon,clear,0.7689756149596231,0.6451195409955321,0.418874237939655,16,2026-09-25
temperature,ai,72,R03,monsoon,clear,0.4138959786818382,0.3439117758166152,0.1416489237718635,16,2026-09-25
temperature,ai,72,R10,monsoon,clear,2.24219380981883,1.641383756158778,1.04467566344964,16,2026-09-25
temperature,ai,72,R11,monsoon,clear,2.7667334726498467,2.555349696594991,2.555349696594991,16,2026-09-25
temperature,ai,72,R12,monsoon,clear,0.6724671406449774,0.5075192948329565,0.4047742085397949,16,2026-09-25
temperature,ai,72,R13,monsoon,clear,0.5218732159057085,0.4447365391107265,-0.2182740940674827,16,2026-09-25
temperature,ai,72,R20,monsoon,clear,4.215026198096254,3.95936221526974,3.95936221526974,16,2026-09-25
temperature,ai,72,R21,monsoon,clear,4.40422100053838,4.268610852088456,4.268610852088456,16,2026-09-25
temperature,ai,72,R22,monsoon,clear,3.087655468967797,2.60884467325093,2.60884467325093,16,2026-09-25
temperature,ai,72,R23,monsoon,clear,1.139284025580106,0.9509826264558024,-0.7201240840958957,16,2026-09-25
temperature,ai,72,R30,monsoon,clear,2.7210242831882065,2.196841441548236,2.128277751990622,16,2026-09-25
temperature,ai,72,R31,monsoon,clear,3.132005362531987,2.953193410237628,2.953193410237628,16,2026-09-25
temperature,ai,72,R32,monsoon,clear,3.9666738472954086,3.919987727663649,3.919987727663649,16,2026-09-25
temperature,ai,72,R33,monsoon,clear,2.433780670677425,2.228787646718799,1.9892540859227603,16,2026-09-25
temperature,ai,72,R00,monsoon,clear,0.4850139375419244,0.4197576929414224,-0.4197576929414224,16,2026-09-25
temperature,ai,72,R01,monsoon,clear,1.252749649756545,1.1124842426315755,1.1124842426315755,16,2026-09-25
temperature,ai,72,R02,monsoon,clear,0.7689756149596231,0.6451195409955321,0.418874237939655,16,2026-09-25
temperature,ai,72,R03,monsoon,clear,0.4138959786818382,0.3439117758166152,0.1416489237718635,16,2026-09-25
temperature,ai,72,R10,monsoon,clear,2.24219380981883,1.641383756158778,1.04467566344964,16,2026-09-25
temperature,ai,72,R11,monsoon,clear,2.7667334726498467,2.555349696594991,2.555349696594991,16,2026-09-25
temperature,ai,72,R12,monsoon,clear,0.6724671406449774,0.5075192948329565,0.4047742085397949,16,2026-09-25
temperature,ai,72,R13,monsoon,clear,0.5218732159057085,0.4447365391107265,-0.2182740940674827,16,2026-09-25
temperature,ai,72,R20,monsoon,clear,4.215026198096254,3.95936221526974,3.95936221526974,16,2026-09-25
temperature,ai,72,R21,monsoon,clear,4.40422100053838,4.268610852088456,4.268610852088456,16,2026-09-25
temperature,ai,72,R22,monsoon,clear,3.087655468967797,2.60884467325093,2.60884467325093,16,2026-09-25
temperature,ai,72,R23,monsoon,clear,1.139284025580106,0.9509826264558024,-0.7201240840958957,16,2026-09-25
temperature,ai,72,R30,monsoon,clear,2.7210242831882065,2.196841441548236,2.128277751990622,16,2026-09-25
temperature,ai,72,R31,monsoon,clear,3.132005362531987,2.953193410237628,2.953193410237628,16,2026-09-25
temperature,ai,72,R32,monsoon,clear,3.9666738472954086,3.919987727663649,3.919987727663649,16,2026-09-25
temperature,ai,72,R33,monsoon,clear,2.433780670677425,2.228787646718799,1.9892540859227603,16,2026-09-25
temperature,nwp,72,R00,monsoon,clear,1.2021343974535583,1.1311486297314464,1.1311486297314464,16,2026-09-25
temperature,nwp,72,R01,monsoon,clear,4.079777240725096,3.841987479253065,3.841987479253065,16,2026-09-25
temperature,nwp,72,R02,monsoon,clear,3.056829968786812,2.9024471078880403,2.9024471078880403,16,2026-09-25
temperature,nwp,72,R03,monsoon,clear,1.3544807753871693,1.1834428349247696,0.7679416065190073,16,2026-09-25
temperature,nwp,72,R10,monsoon,clear,4.569380381093056,3.73088357054158,3.73088357054158,16,2026-09-25
temperature,nwp,72,R11,monsoon,clear,8.66230241703976,8.402757349838451,8.402757349838451,16,2026-09-25
temperature,nwp,72,R12,monsoon,clear,7.013673786701913,6.626449862821597,6.626449862821597,16,2026-09-25
temperature,nwp,72,R13,monsoon,clear,5.874888840962978,5.019751884554647,5.019751884554647,16,2026-09-25
temperature,nwp,72,R20,monsoon,clear,18.332127130910003,17.468958855774193,17.468958855774193,16,2026-09-25
temperature,nwp,72,R21,monsoon,clear,15.936802728328876,15.689596757300128,15.689596757300128,16,2026-09-25
temperature,nwp,72,R22,monsoon,clear,14.929829503932911,14.496157579775256,14.496157579775256,16,2026-09-25
temperature,nwp,72,R23,monsoon,clear,14.36850372791266,13.269971023999162,13.269971023999162,16,2026-09-25
temperature,nwp,72,R30,monsoon,clear,18.70501947227113,18.07586243261856,18.07586243261856,16,2026-09-25
temperature,nwp,72,R31,monsoon,clear,15.362699523470566,15.0893385453087,15.0893385453087,16,2026-09-25
temperature,nwp,72,R32,monsoon,clear,17.52529899163588,17.46816020321946,17.46816020321946,16,2026-09-25
temperature,nwp,72,R33,monsoon,clear,20.063545157802142,19.656579400626388,19.656579400626388,16,2026-09-25
temperature,nwp,72,R00,monsoon,clear,1.258743368107661,1.2293118332181274,1.2293118332181274,16,2026-09-25
temperature,nwp,72,R01,monsoon,clear,4.255550445042278,3.981499141489049,3.981499141489049,16,2026-09-25
temperature,nwp,72,R02,monsoon,clear,3.216223795752577,3.071808567125604,3.071808567125604,16,2026-09-25
temperature,nwp,72,R03,monsoon,clear,1.4676074925337108,1.247041122792352,1.2158867863993978,16,2026-09-25
temperature,nwp,72,R10,monsoon,clear,4.507706064486118,3.804984432267556,3.804984432267556,16,2026-09-25
temperature,nwp,72,R11,monsoon,clear,8.303347298058858,8.08649627873927,8.08649627873927,16,2026-09-25
temperature,nwp,72,R12,monsoon,clear,7.478672891689772,7.118328609702021,7.118328609702021,16,2026-09-25
temperature,nwp,72,R13,monsoon,clear,6.203224119917544,5.406812747908238,5.406812747908238,16,2026-09-25
temperature,nwp,72,R20,monsoon,clear,17.766950468948355,16.926841941802106,16.926841941802106,16,2026-09-25
temperature,nwp,72,R21,monsoon,clear,14.597897848506117,14.431668383751408,14.431668383751408,16,2026-09-25
temperature,nwp,72,R22,monsoon,clear,13.815304928749436,13.358949768631582,13.358949768631582,16,2026-09-25
temperature,nwp,72,R23,monsoon,clear,13.711465213665932,12.628406365163087,12.628406365163087,16,2026-09-25
temperature,nwp,72,R30,monsoon,clear,18.086077040474485,17.414613999941093,17.414613999941093,16,2026-09-25
temperature,nwp,72,R31,monsoon,clear,15.137531412128984,14.860661324081148,14.860661324081148,16,2026-09-25
temperature,nwp,72,R32,monsoon,clear,18.38691472311237,18.30952338952589,18.30952338952589,16,2026-09-25
temperature,nwp,72,R33,monsoon,clear,20.79739641750033,20.47538323212716,20.47538323212716,16,2026-09-25
temperature,ensemble,72,R00,monsoon,clear,0.9531684341807636,0.8317612267848662,0.8317612267848662,16,2026-09-25
temperature,ensemble,72,R01,monsoon,clear,4.19710743633401,3.823785122843945,3.823785122843945,16,2026-09-25
temperature,ensemble,72,R02,monsoon,clear,3.50616765480137,3.396816592118364,3.396816592118364,16,2026-09-25
temperature,ensemble,72,R03,monsoon,clear,1.5060755873719416,1.2761695976937564,1.2761695976937564,16,2026-09-25
temperature,ensemble,72,R10,monsoon,clear,4.5141734999528005,3.6931860087830457,3.6931860087830457,16,2026-09-25
temperature,ensemble,72,R11,monsoon,clear,8.765263009241096,8.575955261418846,8.575955261418846,16,2026-09-25
temperature,ensemble,72,R12,monsoon,clear,7.477078741268172,7.138927983413505,7.138927983413505,16,2026-09-25
temperature,ensemble,72,R13,monsoon,clear,6.166887554849489,5.419064278308284,5.419064278308284,16,2026-09-25
temperature,ensemble,72,R20,monsoon,clear,17.965621107517954,17.12650223594635,17.12650223594635,16,2026-09-25
temperature,ensemble,72,R21,monsoon,clear,15.930619234655214,15.678555327992395,15.678555327992395,16,2026-09-25
temperature,ensemble,72,R22,monsoon,clear,14.74601982476405,14.384417637012668,14.384417637012668,16,2026-09-25
temperature,ensemble,72,R23,monsoon,clear,13.775516097970902,12.927637039624171,12.927637039624171,16,2026-09-25
temperature,ensemble,72,R30,monsoon,clear,18.34041666366976,17.827831185632633,17.827831185632633,16,2026-09-25
temperature,ensemble,72,R31,monsoon,clear,14.871690740761798,14.587115803157385,14.587115803157385,16,2026-09-25
temperature,ensemble,72,R32,monsoon,clear,17.08584248754419,17.04144528487094,17.04144528487094,16,2026-09-25
temperature,ensemble,72,R33,monsoon,clear,20.197940019523863,19.782057629913627,19.782057629913627,16,2026-09-25
temperature,ensemble,72,R00,monsoon,clear,1.0078403731251746,0.9497893541961244,0.9497893541961244,16,2026-09-25
temperature,ensemble,72,R01,monsoon,clear,4.099702096507503,3.7871046554502734,3.7871046554502734,16,2026-09-25
temperature,ensemble,72,R02,monsoon,clear,3.5074171374447745,3.3902283782331217,3.3902283782331217,16,2026-09-25
temperature,ensemble,72,R03,monsoon,clear,1.5153029379753915,1.3402967045369536,1.3402967045369536,16,2026-09-25
temperature,ensemble,72,R10,monsoon,clear,4.535455724670442,3.766686284571517,3.766686284571517,16,2026-09-25
temperature,ensemble,72,R11,monsoon,clear,8.576800350461099,8.365960152708444,8.365960152708444,16,2026-09-25
temperature,ensemble,72,R12,monsoon,clear,7.531361895800379,7.230227328641898,7.230227328641898,16,2026-09-25
temperature,ensemble,72,R13,monsoon,clear,6.167140877893797,5.447719368640303,5.447719368640303,16,2026-09-25
temperature,ensemble,72,R20,monsoon,clear,17.805670004933543,17.005252721967015,17.005252721967015,16,2026-09-25
temperature,ensemble,72,R21,monsoon,clear,15.073276106648317,14.878111610883565,14.878111610883565,16,2026-09-25
temperature,ensemble,72,R22,monsoon,clear,13.920633315628796,13.617425797073968,13.617425797073968,16,2026-09-25
temperature,ensemble,72,R23,monsoon,clear,13.497543309142706,12.597803688206335,12.597803688206335,16,2026-09-25
temperature,ensemble,72,R30,monsoon,clear,18.001946326458654,17.492401889963265,17.492401889963265,16,2026-09-25
temperature,ensemble,72,R31,monsoon,clear,14.43726915776561,14.123855406835782,14.123855406835782,16,2026-09-25
temperature,ensemble,72,R32,monsoon,clear,17.762037552200752,17.6873584838365,17.6873584838365,16,2026-09-25
temperature,ensemble,72,R33,monsoon,clear,20.98484127190532,20.679442763256603,20.679442763256603,16,2026-09-25
rainfall,ensemble,24,R00,monsoon,clear,0.3694838884814049,0.255751468943997,0.255740925453897,16,2026-09-26
rainfall,ensemble,24,R01,monsoon,clear,1.9137813619013508,1.4125681054813175,1.411108147921807,16,2026-09-26
rainfall,ensemble,24,R02,monsoon,clear,3.565240288882659,3.359573524751699,3.359573524751699,16,2026-09-26
rainfall,ensemble,24,R03,monsoon,clear,6.112343366729893,5.570464982906086,5.570464982906086,16,2026-09-26
rainfall,ensemble,24,R10,monsoon,clear,0.6840861586490219,0.4178148143710881,0.4178148143710881,16,2026-09-26
rainfall,ensemble,24,R11,monsoon,clear,2.803107641377464,1.7608055763174255,1.7608055763174255,16,2026-09-26
rainfall,ensemble,24,R12,monsoon,clear,7.600667262639019,5.701586063234529,5.701586063234529,16,2026-09-26
rainfall,ensemble,24,R13,monsoon,clear,8.309297191011867,6.638001902346661,6.638001902346661,16,2026-09-26
rainfall,ensemble,24,R20,monsoon,clear,0.0003052463938611,8.818993737552196e-05,-8.818993737552196e-05,16,2026-09-26
rainfall,ensemble,24,R21,monsoon,clear,0.1582354027077316,0.0693385264434673,0.0648114965482755,16,2026-09-26
rainfall,ensemble,24,R22,monsoon,clear,1.027402891754231,0.434921353918092,0.434194252574638,16,2026-09-26
rainfall,ensemble,24,R23,monsoon,clear,1.7114530499681169,1.2111989449945684,1.2111989449945684,16,2026-09-26
rainfall,ensemble,24,R30,monsoon,clear,0.1614871443250363,0.0858120086982617,-0.0858120086982617,16,2026-09-26
rainfall,ensemble,24,R31,monsoon,clear,0.3324753068702385,0.2371645508048803,-0.1267485558552578,16,2026-09-26
rainfall,ensemble,24,R32,monsoon,clear,0.4725727642273951,0.37007910342181,0.3694509051807007,16,2026-09-26
rainfall,ensemble,24,R33,monsoon,clear,3.1123630570130483,2.1500072021467003,2.1500072021467003,16,2026-09-26
rainfall,ensemble,24,R00,monsoon,clear,1.770067152903246,0.8055187058756181,0.8055187058756181,16,2026-09-26
rainfall,ensemble,24,R01,monsoon,clear,2.169724940696348,1.0623918666766414,1.0598859363246649,16,2026-09-26
rainfall,ensemble,24,R02,monsoon,clear,4.4315491002987,4.054388403851232,4.054388403851232,16,2026-09-26
rainfall,ensemble,24,R03,monsoon,clear,6.882794221854135,5.621131604667629,5.621131604667629,16,2026-09-26
rainfall,ensemble,24,R10,monsoon,clear,1.2581126931286732,0.9788518524832184,0.9788518524832184,16,2026-09-26
rainfall,ensemble,24,R11,monsoon,clear,6.594568328819518,4.6153055448499,4.6153055448499,16,2026-09-26
rainfall,ensemble,24,R12,monsoon,clear,7.143436822917112,5.749808234308931,5.749808234308931,16,2026-09-26
rainfall,ensemble,24,R13,monsoon,clear,8.460794651724536,6.687874199668424,6.687816724496163,16,2026-09-26
rainfall,ensemble,24,R20,monsoon,clear,0.0003052463938611,8.818993737552196e-05,-8.818993737552196e-05,16,2026-09-26
rainfall,ensemble,24,R21,monsoon,clear,0.7537049881737367,0.3503464693288082,0.3414503813761844,16,2026-09-26
rainfall,ensemble,24,R22,monsoon,clear,1.0869148531380015,0.6851386920060833,0.6851386920060833,16,2026-09-26
rainfall,ensemble,24,R23,monsoon,clear,3.123268228030256,2.139384156704376,2.139384156704376,16,2026-09-26
rainfall,ensemble,24,R30,monsoon,clear,0.1779606366100831,0.0921823791635582,-0.0921823791635582,16,2026-09-26
rainfall,ensemble,24,R31,monsoon,clear,0.7539608914114219,0.4006503473828611,0.0596588510157085,16,2026-09-26
rainfall,ensemble,24,R32,monsoon,clear,0.7100613973054614,0.4601902119158385,0.4595620136747291,16,2026-09-26
rainfall,ensemble,24,R33,monsoon,clear,3.728684890741144,2.749612177536553,2.749612177536553,16,2026-09-26
rainfall,nwp,24,R00,monsoon,clear,0.5558993720541802,0.3428866389276799,0.3428866389276799,16,2026-09-26
rainfall,nwp,24,R01,monsoon,clear,1.982258965377754,1.1229765275390988,1.122668569947576,16,2026-09-26
rainfall,nwp,24,R02,monsoon,clear,2.9266247933639127,2.6472723358947743,2.6472723358947743,16,2026-09-26
rainfall,nwp,24,R03,monsoon,clear,6.869933856289605,5.939600163044665,5.939600163044665,16,2026-09-26
rainfall,nwp,24,R10,monsoon,clear,1.198319024351734,0.6109951975727201,0.6109951975727201,16,2026-09-26
rainfall,nwp,24,R11,monsoon,clear,3.525680965126488,2.437751993624089,2.437751993624089,16,2026-09-26
rainfall,nwp,24,R12,monsoon,clear,24.364260236331912,9.603049805198582,9.603049805198582,16,2026-09-26
rainfall,nwp,24,R13,monsoon,clear,10.637607985761262,7.284274285567172,7.284268010395511,16,2026-09-26
rainfall,nwp,24,R20,monsoon,clear,0.0003052463938611,8.818993737552196e-05,-8.818993737552196e-05,16,2026-09-26
rainfall,nwp,24,R21,monsoon,clear,0.0351334070526362,0.0150782254042966,0.0096775851144255,16,2026-09-26
rainfall,nwp,24,R22,monsoon,clear,1.4375080123240356,0.4214393440458087,0.4206245965834504,16,2026-09-26
rainfall,nwp,24,R23,monsoon,clear,2.5840026018270605,1.7478340317031895,1.7478340317031895,16,2026-09-26
rainfall,nwp,24,R30,monsoon,clear,0.1549888324822701,0.0823779031007098,-0.0815948828672685,16,2026-09-26
rainfall,nwp,24,R31,monsoon,clear,0.5081748722003416,0.3121286527715229,-0.0733892685336288,16,2026-09-26
rainfall,nwp,24,R32,monsoon,clear,0.2331497386917026,0.1248421175520294,0.1231988109573182,16,2026-09-26
rainfall,nwp,24,R33,monsoon,clear,4.502327392637622,2.275899056419457,2.274710124260286,16,2026-09-26
rainfall,nwp,24,R00,monsoon,clear,2.0489285183835366,1.1301399692259493,1.1301399692259493,16,2026-09-26
rainfall,nwp,24,R01,monsoon,clear,1.8187279799932856,0.912700206479628,0.9101533729422194,16,2026-09-26
rainfall,nwp,24,R02,monsoon,clear,3.2194590722402268,2.9894691644931624,2.9894691644931624,16,2026-09-26
rainfall,nwp,24,R03,monsoon,clear,6.057847071352056,4.806190009560988,4.806190009560988,16,2026-09-26
rainfall,nwp,24,R10,monsoon,clear,1.3466049096003931,0.8865535965128396,0.8865535965128396,16,2026-09-26
rainfall,nwp,24,R11,monsoon,clear,9.943023229851544,5.981088073198597,5.981088073198597,16,2026-09-26
rainfall,nwp,24,R12,monsoon,clear,5.439349925098676,4.271950142063988,4.271950142063988,16,2026-09-26
rainfall,nwp,24,R13,monsoon,clear,8.402703248058424,6.153525427216445,6.153467952044185,16,2026-09-26
rainfall,nwp,24,R20,monsoon,clear,0.0003052463938611,8.818993737552196e-05,-8.818993737552196e-05,16,2026-09-26
rainfall,nwp,24,R21,monsoon,clear,0.7733327552206487,0.3164368166475665,0.3086719869239136,16,2026-09-26
rainfall,nwp,24,R22,monsoon,clear,1.8331883046082016,0.7399696961463396,0.7386426086892464,16,2026-09-26
rainfall,nwp,24,R23,monsoon,clear,5.805952616661381,3.3111845526397325,3.31074764755548,16,2026-09-26
rainfall,nwp,24,R30,monsoon,clear,0.178942954985801,0.0925559496150366,-0.0925559496150366,16,2026-09-26
rainfall,nwp,24,R31,monsoon,clear,0.5540230757617322,0.2993904825930628,0.0072187299406776,16,2026-09-26
rainfall,nwp,24,R32,monsoon,clear,0.3025037013113961,0.1666247128106882,0.1659908116524794,16,2026-09-26
rainfall,nwp,24,R33,monsoon,clear,3.477016993572102,2.197950643969879,2.197950643969879,16,2026-09-26
rainfall,ensemble,24,R00,monsoon,clear,0.3694838884814049,0.255751468943997,0.255740925453897,16,2026-09-26
rainfall,ensemble,24,R01,monsoon,clear,1.9137813619013508,1.4125681054813175,1.411108147921807,16,2026-09-26
rainfall,ensemble,24,R02,monsoon,clear,3.565240288882659,3.359573524751699,3.359573524751699,16,2026-09-26
rainfall,ensemble,24,R03,monsoon,clear,6.112343366729893,5.570464982906086,5.570464982906086,16,2026-09-26
rainfall,ensemble,24,R10,monsoon,clear,0.6840861586490219,0.4178148143710881,0.4178148143710881,16,2026-09-26
rainfall,ensemble,24,R11,monsoon,clear,2.803107641377464,1.7608055763174255,1.7608055763174255,16,2026-09-26
rainfall,ensemble,24,R12,monsoon,clear,7.600667262639019,5.701586063234529,5.701586063234529,16,2026-09-26
rainfall,ensemble,24,R13,monsoon,clear,8.309297191011867,6.638001902346661,6.638001902346661,16,2026-09-26
rainfall,ensemble,24,R20,monsoon,clear,0.0003052463938611,8.818993737552196e-05,-8.818993737552196e-05,16,2026-09-26
rainfall,ensemble,24,R21,monsoon,clear,0.1582354027077316,0.0693385264434673,0.0648114965482755,16,2026-09-26
rainfall,ensemble,24,R22,monsoon,clear,1.027402891754231,0.434921353918092,0.434194252574638,16,2026-09-26
rainfall,ensemble,24,R23,monsoon,clear,1.7114530499681169,1.2111989449945684,1.2111989449945684,16,2026-09-26
rainfall,ensemble,24,R30,monsoon,clear,0.1614871443250363,0.0858120086982617,-0.0858120086982617,16,2026-09-26
rainfall,ensemble,24,R31,monsoon,clear,0.3324753068702385,0.2371645508048803,-0.1267485558552578,16,2026-09-26
rainfall,ensemble,24,R32,monsoon,clear,0.4725727642273951,0.37007910342181,0.3694509051807007,16,2026-09-26
rainfall,ensemble,24,R33,monsoon,clear,3.1123630570130483,2.1500072021467003,2.1500072021467003,16,2026-09-26
rainfall,ensemble,24,R00,monsoon,clear,1.770067152903246,0.8055187058756181,0.8055187058756181,16,2026-09-26
rainfall,ensemble,24,R01,monsoon,clear,2.169724940696348,1.0623918666766414,1.0598859363246649,16,2026-09-26
rainfall,ensemble,24,R02,monsoon,clear,4.4315491002987,4.054388403851232,4.054388403851232,16,2026-09-26
rainfall,ensemble,24,R03,monsoon,clear,6.882794221854135,5.621131604667629,5.621131604667629,16,2026-09-26
rainfall,ensemble,24,R10,monsoon,clear,1.2581126931286732,0.9788518524832184,0.9788518524832184,16,2026-09-26
rainfall,ensemble,24,R11,monsoon,clear,6.594568328819518,4.6153055448499,4.6153055448499,16,2026-09-26
rainfall,ensemble,24,R12,monsoon,clear,7.143436822917112,5.749808234308931,5.749808234308931,16,2026-09-26
rainfall,ensemble,24,R13,monsoon,clear,8.460794651724536,6.687874199668424,6.687816724496163,16,2026-09-26
rainfall,ensemble,24,R20,monsoon,clear,0.0003052463938611,8.818993737552196e-05,-8.818993737552196e-05,16,2026-09-26
rainfall,ensemble,24,R21,monsoon,clear,0.7537049881737367,0.3503464693288082,0.3414503813761844,16,2026-09-26
rainfall,ensemble,24,R22,monsoon,clear,1.0869148531380015,0.6851386920060833,0.6851386920060833,16,2026-09-26
rainfall,ensemble,24,R23,monsoon,clear,3.123268228030256,2.139384156704376,2.139384156704376,16,2026-09-26
rainfall,ensemble,24,R30,monsoon,clear,0.1779606366100831,0.0921823791635582,-0.0921823791635582,16,2026-09-26
rainfall,ensemble,24,R31,monsoon,clear,0.7539608914114219,0.4006503473828611,0.0596588510157085,16,2026-09-26
rainfall,ensemble,24,R32,monsoon,clear,0.7100613973054614,0.4601902119158385,0.4595620136747291,16,2026-09-26
rainfall,ensemble,24,R33,monsoon,clear,3.728684890741144,2.749612177536553,2.749612177536553,16,2026-09-26
rainfall,nwp,24,R00,monsoon,clear,0.5558993720541802,0.3428866389276799,0.3428866389276799,16,2026-09-26
rainfall,nwp,24,R01,monsoon,clear,1.982258965377754,1.1229765275390988,1.122668569947576,16,2026-09-26
rainfall,nwp,24,R02,monsoon,clear,2.9266247933639127,2.6472723358947743,2.6472723358947743,16,2026-09-26
rainfall,nwp,24,R03,monsoon,clear,6.869933856289605,5.939600163044665,5.939600163044665,16,2026-09-26
rainfall,nwp,24,R10,monsoon,clear,1.198319024351734,0.6109951975727201,0.6109951975727201,16,2026-09-26
rainfall,nwp,24,R11,monsoon,clear,3.525680965126488,2.437751993624089,2.437751993624089,16,2026-09-26
rainfall,nwp,24,R12,monsoon,clear,24.364260236331912,9.603049805198582,9.603049805198582,16,2026-09-26
rainfall,nwp,24,R13,monsoon,clear,10.637607985761262,7.284274285567172,7.284268010395511,16,2026-09-26
rainfall,nwp,24,R20,monsoon,clear,0.0003052463938611,8.818993737552196e-05,-8.818993737552196e-05,16,2026-09-26
rainfall,nwp,24,R21,monsoon,clear,0.0351334070526362,0.0150782254042966,0.0096775851144255,16,2026-09-26
rainfall,nwp,24,R22,monsoon,clear,1.4375080123240356,0.4214393440458087,0.4206245965834504,16,2026-09-26
rainfall,nwp,24,R23,monsoon,clear,2.5840026018270605,1.7478340317031895,1.7478340317031895,16,2026-09-26
rainfall,nwp,24,R30,monsoon,clear,0.1549888324822701,0.0823779031007098,-0.0815948828672685,16,2026-09-26
rainfall,nwp,24,R31,monsoon,clear,0.5081748722003416,0.3121286527715229,-0.0733892685336288,16,2026-09-26
rainfall,nwp,24,R32,monsoon,clear,0.2331497386917026,0.1248421175520294,0.1231988109573182,16,2026-09-26
rainfall,nwp,24,R33,monsoon,clear,4.502327392637622,2.275899056419457,2.274710124260286,16,2026-09-26
rainfall,nwp,24,R00,monsoon,clear,2.0489285183835366,1.1301399692259493,1.1301399692259493,16,2026-09-26
rainfall,nwp,24,R01,monsoon,clear,1.8187279799932856,0.912700206479628,0.9101533729422194,16,2026-09-26
rainfall,nwp,24,R02,monsoon,clear,3.2194590722402268,2.9894691644931624,2.9894691644931624,16,2026-09-26
rainfall,nwp,24,R03,monsoon,clear,6.057847071352056,4.806190009560988,4.806190009560988,16,2026-09-26
rainfall,nwp,24,R10,monsoon,clear,1.3466049096003931,0.8865535965128396,0.8865535965128396,16,2026-09-26
rainfall,nwp,24,R11,monsoon,clear,9.943023229851544,5.981088073198597,5.981088073198597,16,2026-09-26
rainfall,nwp,24,R12,monsoon,clear,5.439349925098676,4.271950142063988,4.271950142063988,16,2026-09-26
rainfall,nwp,24,R13,monsoon,clear,8.402703248058424,6.153525427216445,6.153467952044185,16,2026-09-26
rainfall,nwp,24,R20,monsoon,clear,0.0003052463938611,8.818993737552196e-05,-8.818993737552196e-05,16,2026-09-26
rainfall,nwp,24,R21,monsoon,clear,0.7733327552206487,0.3164368166475665,0.3086719869239136,16,2026-09-26
rainfall,nwp,24,R22,monsoon,clear,1.8331883046082016,0.7399696961463396,0.7386426086892464,16,2026-09-26
rainfall,nwp,24,R23,monsoon,clear,5.805952616661381,3.3111845526397325,3.31074764755548,16,2026-09-26
rainfall,nwp,24,R30,monsoon,clear,0.178942954985801,0.0925559496150366,-0.0925559496150366,16,2026-09-26
rainfall,nwp,24,R31,monsoon,clear,0.5540230757617322,0.2993904825930628,0.0072187299406776,16,2026-09-26
rainfall,nwp,24,R32,monsoon,clear,0.3025037013113961,0.1666247128106882,0.1659908116524794,16,2026-09-26
rainfall,nwp,24,R33,monsoon,clear,3.477016993572102,2.197950643969879,2.197950643969879,16,2026-09-26
rainfall,ensemble,168,R00,monsoon,clear,1.6382103000210186,1.5767779543420213,1.5767779543420213,16,2026-09-26
rainfall,ensemble,168,R01,monsoon,clear,0.7686270514012491,0.5426266701910029,0.5426266701910029,16,2026-09-26
rainfall,ensemble,168,R02,monsoon,clear,0.9393250831138448,0.7992978272429397,0.7686106169031625,16,2026-09-26
rainfall,ensemble,168,R03,monsoon,clear,2.7078543624769327,2.59930448265045,2.59930448265045,16,2026-09-26
rainfall,ensemble,168,R10,monsoon,clear,0.3459808016866925,0.2269629645320002,0.2269629645320002,16,2026-09-26
rainfall,ensemble,168,R11,monsoon,clear,0.2241025481404566,0.172500003025763,0.172500003025763,16,2026-09-26
rainfall,ensemble,168,R12,monsoon,clear,1.457017535309138,1.1839748964100458,1.1839748964100458,16,2026-09-26
rainfall,ensemble,168,R13,monsoon,clear,2.963168419259608,2.5050759593291017,2.5050759593291017,16,2026-09-26
rainfall,ensemble,168,R20,monsoon,clear,0.0003052463938611,8.818993737552196e-05,-8.818993737552196e-05,16,2026-09-26
rainfall,ensemble,168,R21,monsoon,clear,1.531339230065736,0.841417752817669,0.8412559382761546,16,2026-09-26
rainfall,ensemble,168,R22,monsoon,clear,4.125313946496147,3.337166453784986,3.337166453784986,16,2026-09-26
rainfall,ensemble,168,R23,monsoon,clear,1.4633341106930315,1.2149026635138864,1.2149026635138864,16,2026-09-26
rainfall,ensemble,168,R30,monsoon,clear,0.3336649359735683,0.2181104899991521,0.2179904647033207,16,2026-09-26
rainfall,ensemble,168,R31,monsoon,clear,0.2961696058531722,0.1949243010834866,-0.1251930004282935,16,2026-09-26
rainfall,ensemble,168,R32,monsoon,clear,0.3832647920957983,0.3052268429844649,0.3046731273041346,16,2026-09-26
rainfall,ensemble,168,R33,monsoon,clear,1.3821581700110352,1.2043775857779992,1.2043775857779992,16,2026-09-26
rainfall,ensemble,168,R00,monsoon,clear,1.086756340451343,0.9442841381841046,0.9442841381841046,16,2026-09-26
rainfall,ensemble,168,R01,monsoon,clear,0.8846471985729191,0.6263734490887709,0.6259970457607759,16,2026-09-26
rainfall,ensemble,168,R02,monsoon,clear,1.1352356511033332,0.8280180223369937,0.8280180223369937,16,2026-09-26
rainfall,ensemble,168,R03,monsoon,clear,2.8669849385699404,2.6372797928701086,2.6372797928701086,16,2026-09-26
rainfall,ensemble,168,R10,monsoon,clear,0.2563068841745222,0.1731481502729434,0.1731481502729434,16,2026-09-26
rainfall,ensemble,168,R11,monsoon,clear,0.7496554026946026,0.3962222260298824,0.3962222260298824,16,2026-09-26
rainfall,ensemble,168,R12,monsoon,clear,1.397395024276141,1.1992248948263842,1.1992248948263842,16,2026-09-26
rainfall,ensemble,168,R13,monsoon,clear,2.082354298437694,1.6762611560665477,1.6762611560665477,16,2026-09-26
rainfall,ensemble,168,R20,monsoon,clear,0.110105052748323,0.0437178206724504,0.0435414407976994,16,2026-09-26
rainfall,ensemble,168,R21,monsoon,clear,1.2807836245847557,0.8123114926698332,0.8123114926698332,16,2026-09-26
rainfall,ensemble,168,R22,monsoon,clear,2.7510197762980138,2.043283285994401,2.042527576319489,16,2026-09-26
rainfall,ensemble,168,R23,monsoon,clear,1.6253680267114905,1.1866762018992676,1.1865322929332465,16,2026-09-26
rainfall,ensemble,168,R30,monsoon,clear,1.694432731926751,1.395076887043694,1.395076887043694,16,2026-09-26
rainfall,ensemble,168,R31,monsoon,clear,0.3875945216717668,0.2745833093416747,0.0251773720641124,16,2026-09-26
rainfall,ensemble,168,R32,monsoon,clear,0.2732089988301978,0.2221527675096816,0.2215990518293512,16,2026-09-26
rainfall,ensemble,168,R33,monsoon,clear,1.042573251296698,0.8368220419866348,0.8368220419866348,16,2026-09-26
rainfall,nwp,168,R00,monsoon,clear,1.2242555359902696,0.9334551668441096,0.9334551668441096,16,2026-09-26
rainfall,nwp,168,R01,monsoon,clear,1.0451777161014522,0.3981265692054015,0.3961981643788168,16,2026-09-26
rainfall,nwp,168,R02,monsoon,clear,0.2354560663373335,0.1652633959011764,-0.0613916396279926,16,2026-09-26
rainfall,nwp,168,R03,monsoon,clear,3.77516357447436,2.8123126894374773,2.8123126894374773,16,2026-09-26
rainfall,nwp,168,R10,monsoon,clear,0.1642250435639554,0.0800896005766847,0.0800896005766847,16,2026-09-26
rainfall,nwp,168,R11,monsoon,clear,0.2067267017895417,0.0923567991185342,0.0923567991185342,16,2026-09-26
rainfall,nwp,168,R12,monsoon,clear,1.309973555703302,0.7804421566821798,0.7804421566821798,16,2026-09-26
rainfall,nwp,168,R13,monsoon,clear,5.292011416592496,3.438096042881167,3.438027957506904,16,2026-09-26
rainfall,nwp,168,R20,monsoon,clear,0.0003052463938611,8.818993737552196e-05,-8.818993737552196e-05,16,2026-09-26
rainfall,nwp,168,R21,monsoon,clear,1.2774943307200142,0.4803670640358875,0.4760623924852254,16,2026-09-26
rainfall,nwp,168,R22,monsoon,clear,19.757360127803263,7.955827902382511,7.950661836755171,16,2026-09-26
rainfall,nwp,168,R23,monsoon,clear,0.8094671979832853,0.4997490248470376,0.4991508321052311,16,2026-09-26
rainfall,nwp,168,R30,monsoon,clear,0.4964888430622509,0.3502067255168931,0.1909768491469418,16,2026-09-26
rainfall,nwp,168,R31,monsoon,clear,0.312636867999066,0.2005091762612523,-0.1963876685328622,16,2026-09-26
rainfall,nwp,168,R32,monsoon,clear,1.3983745886881571,0.6546772271236572,0.651578021576937,16,2026-09-26
rainfall,nwp,168,R33,monsoon,clear,0.9711763633553204,0.5367777443524915,0.5360370509315341,16,2026-09-26
rainfall,nwp,168,R00,monsoon,clear,1.6807707112013153,0.6873686510467913,0.6873581075566912,16,2026-09-26
rainfall,nwp,168,R01,monsoon,clear,1.1220174247897532,0.4139741562896646,0.4110221646967771,16,2026-09-26
rainfall,nwp,168,R02,monsoon,clear,1.272160216125377,1.00888939978704,0.9650835614279778,16,2026-09-26
rainfall,nwp,168,R03,monsoon,clear,5.914843843907878,4.999787953083062,4.999787953083062,16,2026-09-26
rainfall,nwp,168,R10,monsoon,clear,0.019684320329807,0.0137312000464361,0.0137312000464361,16,2026-09-26
rainfall,nwp,168,R11,monsoon,clear,0.9539375791307014,0.3397667908578806,0.3397667908578806,16,2026-09-26
rainfall,nwp,168,R12,monsoon,clear,2.7088984008238097,1.7149216516802026,1.7121593489140683,16,2026-09-26
rainfall,nwp,168,R13,monsoon,clear,5.519937334658742,4.0024295509199925,4.0024295509199925,16,2026-09-26
rainfall,nwp,168,R20,monsoon,clear,0.0003092457938642,0.0001073899375998,-6.898993715115107e-05,16,2026-09-26
rainfall,nwp,168,R21,monsoon,clear,1.0713689885325794,0.3901482398413601,0.3901255863864654,16,2026-09-26
rainfall,nwp,168,R22,monsoon,clear,3.743960800554424,2.0594404823543053,2.057906994890025,16,2026-09-26
rainfall,nwp,168,R23,monsoon,clear,1.77568932535894,1.0045516327302273,1.0038676331066745,16,2026-09-26
rainfall,nwp,168,R30,monsoon,clear,0.1992257337051776,0.1366916508970528,-0.0222007499923315,16,2026-09-26
rainfall,nwp,168,R31,monsoon,clear,0.4350561179417502,0.3234593913015863,-0.0291380714279062,16,2026-09-26
rainfall,nwp,168,R32,monsoon,clear,1.390427582710812,0.4866464428782295,0.4829956191467781,16,2026-09-26
rainfall,nwp,168,R33,monsoon,clear,1.369098868393333,0.6525831826647657,0.6525831826647657,16,2026-09-26
temperature,ai,168,R00,monsoon,clear,1.21869430662651,1.0348144095882634,-1.0348144095882634,16,2026-09-26
temperature,ai,168,R01,monsoon,clear,2.854060086412596,2.406864012416013,2.406864012416013,16,2026-09-26
temperature,ai,168,R02,monsoon,clear,0.9491474511758172,0.780567010322225,0.5248945360222965,16,2026-09-26
temperature,ai,168,R03,monsoon,clear,0.3729164930713652,0.2675482705198699,0.0667880119250491,16,2026-09-26
temperature,ai,168,R10,monsoon,clear,2.5471857112604464,2.2469059144322308,-1.9470563547895785,16,2026-09-26
temperature,ai,168,R11,monsoon,clear,4.116894920532916,3.985893455787944,3.985893455787944,16,2026-09-26
temperature,ai,168,R12,monsoon,clear,1.8046665847702683,1.5492507576648062,1.5492507576648062,16,2026-09-26
temperature,ai,168,R13,monsoon,clear,0.644327505651005,0.5246542647247935,0.1527950886541935,16,2026-09-26
temperature,ai,168,R20,monsoon,clear,2.5815609877391106,2.142724369504323,-1.4872030112184105,16,2026-09-26
temperature,ai,168,R21,monsoon,clear,3.993336081659436,3.416065824532222,2.9495407820336577,16,2026-09-26
temperature,ai,168,R22,monsoon,clear,4.037430613453783,3.6912782636100814,2.1670026774465247,16,2026-09-26
temperature,ai,168,R23,monsoon,clear,2.058858991402301,1.392461489453731,1.291747423336831,16,2026-09-26
temperature,ai,168,R30,monsoon,clear,1.3793319342023134,1.2081295948002428,-0.8871687658071884,16,2026-09-26
temperature,ai,168,R31,monsoon,clear,2.5323477233608056,1.9106833815084057,-1.758312527377912,16,2026-09-26
temperature,ai,168,R32,monsoon,clear,1.5690527546063358,1.050286616572622,-0.7634688715679575,16,2026-09-26
temperature,ai,168,R33,monsoon,clear,2.619725023595266,1.909200089484736,1.813364431959444,16,2026-09-26
temperature,ai,168,R00,monsoon,clear,1.21869430662651,1.0348144095882634,-1.0348144095882634,16,2026-09-26
temperature,ai,168,R01,monsoon,clear,2.854060086412596,2.406864012416013,2.406864012416013,16,2026-09-26
temperature,ai,168,R02,monsoon,clear,0.9491474511758172,0.780567010322225,0.5248945360222965,16,2026-09-26
temperature,ai,168,R03,monsoon,clear,0.3729164930713652,0.2675482705198699,0.0667880119250491,16,2026-09-26
temperature,ai,168,R10,monsoon,clear,2.5471857112604464,2.2469059144322308,-1.9470563547895785,16,2026-09-26
temperature,ai,168,R11,monsoon,clear,4.116894920532916,3.985893455787944,3.985893455787944,16,2026-09-26
temperature,ai,168,R12,monsoon,clear,1.8046665847702683,1.5492507576648062,1.5492507576648062,16,2026-09-26
temperature,ai,168,R13,monsoon,clear,0.644327505651005,0.5246542647247935,0.1527950886541935,16,2026-09-26
temperature,ai,168,R20,monsoon,clear,2.5815609877391106,2.142724369504323,-1.4872030112184105,16,2026-09-26
temperature,ai,168,R21,monsoon,clear,3.993336081659436,3.416065824532222,2.9495407820336577,16,2026-09-26
temperature,ai,168,R22,monsoon,clear,4.037430613453783,3.6912782636100814,2.1670026774465247,16,2026-09-26
temperature,ai,168,R23,monsoon,clear,2.058858991402301,1.392461489453731,1.291747423336831,16,2026-09-26
temperature,ai,168,R30,monsoon,clear,1.3793319342023134,1.2081295948002428,-0.8871687658071884,16,2026-09-26
temperature,ai,168,R31,monsoon,clear,2.5323477233608056,1.9106833815084057,-1.758312527377912,16,2026-09-26
temperature,ai,168,R32,monsoon,clear,1.5690527546063358,1.050286616572622,-0.7634688715679575,16,2026-09-26
temperature,ai,168,R33,monsoon,clear,2.619725023595266,1.909200089484736,1.813364431959444,16,2026-09-26
temperature,ensemble,168,R00,monsoon,clear,1.12633781817557,1.033786569184558,1.033786569184558,16,2026-09-26
temperature,ensemble,168,R01,monsoon,clear,4.123411259399743,3.71122785152232,3.71122785152232,16,2026-09-26
temperature,ensemble,168,R02,monsoon,clear,3.313011284621047,3.171126917458365,3.171126917458365,16,2026-09-26
temperature,ensemble,168,R03,monsoon,clear,1.6849046706171014,1.6032691769279557,1.6032691769279557,16,2026-09-26
temperature,ensemble,168,R10,monsoon,clear,3.878266202425065,3.212679982126494,3.212679982126494,16,2026-09-26
temperature,ensemble,168,R11,monsoon,clear,7.577217816543097,7.478568447725271,7.478568447725271,16,2026-09-26
temperature,ensemble,168,R12,monsoon,clear,7.223097784421739,7.05667849882149,7.05667849882149,16,2026-09-26
temperature,ensemble,168,R13,monsoon,clear,6.212666339876999,5.625875790442957,5.625875790442957,16,2026-09-26
temperature,ensemble,168,R20,monsoon,clear,15.392122605790563,14.606049219453295,14.606049219453295,16,2026-09-26
temperature,ensemble,168,R21,monsoon,clear,14.01658793822264,13.737186012739038,13.737186012739038,16,2026-09-26
temperature,ensemble,168,R22,monsoon,clear,13.581819659073734,13.232219710173474,13.232219710173474,16,2026-09-26
temperature,ensemble,168,R23,monsoon,clear,13.550897562251247,12.658803602305024,12.658803602305024,16,2026-09-26
temperature,ensemble,168,R30,monsoon,clear,16.992215748538094,16.49222101491504,16.49222101491504,16,2026-09-26
temperature,ensemble,168,R31,monsoon,clear,14.72443235438002,14.399208156130484,14.399208156130484,16,2026-09-26
temperature,ensemble,168,R32,monsoon,clear,18.21664430250208,18.13284551047494,18.13284551047494,16,2026-09-26
temperature,ensemble,168,R33,monsoon,clear,21.18220320318791,20.86306284126104,20.86306284126104,16,2026-09-26
temperature,ensemble,168,R00,monsoon,clear,1.1308638731237768,1.062154368543168,1.062154368543168,16,2026-09-26
temperature,ensemble,168,R01,monsoon,clear,4.234342898080679,3.795743379318188,3.795743379318188,16,2026-09-26
temperature,ensemble,168,R02,monsoon,clear,3.3323483272835803,3.196795286327731,3.196795286327731,16,2026-09-26
temperature,ensemble,168,R03,monsoon,clear,1.5761587893358675,1.468829946844985,1.468829946844985,16,2026-09-26
temperature,ensemble,168,R10,monsoon,clear,3.688554090535612,3.064773872281304,3.064773872281304,16,2026-09-26
temperature,ensemble,168,R11,monsoon,clear,7.561499601982576,7.4524297182059716,7.4524297182059716,16,2026-09-26
temperature,ensemble,168,R12,monsoon,clear,7.206223219036682,6.990167471803264,6.990167471803264,16,2026-09-26
temperature,ensemble,168,R13,monsoon,clear,6.384064395493934,5.709424939567678,5.709424939567678,16,2026-09-26
temperature,ensemble,168,R20,monsoon,clear,15.191724350865275,14.488164969236273,14.488164969236273,16,2026-09-26
temperature,ensemble,168,R21,monsoon,clear,13.91477435482732,13.694877934397024,13.694877934397024,16,2026-09-26
temperature,ensemble,168,R22,monsoon,clear,13.65789442229645,13.250475800125724,13.250475800125724,16,2026-09-26
temperature,ensemble,168,R23,monsoon,clear,13.468407993384304,12.663043138166552,12.663043138166552,16,2026-09-26
temperature,ensemble,168,R30,monsoon,clear,15.818830759296562,15.41781548226651,15.41781548226651,16,2026-09-26
temperature,ensemble,168,R31,monsoon,clear,14.821954125880165,14.504846696892912,14.504846696892912,16,2026-09-26
temperature,ensemble,168,R32,monsoon,clear,18.65957083222059,18.56877069041564,18.56877069041564,16,2026-09-26
temperature,ensemble,168,R33,monsoon,clear,21.24790553061502,20.98584024227859,20.98584024227859,16,2026-09-26
temperature,nwp,168,R00,monsoon,clear,1.086819790398577,0.988481996219671,0.988481996219671,16,2026-09-26
temperature,nwp,168,R01,monsoon,clear,3.5951456118684546,3.2133215269237936,3.2133215269237936,16,2026-09-26
temperature,nwp,168,R02,monsoon,clear,3.423579426059216,3.286780355320046,3.286780355320046,16,2026-09-26
temperature,nwp,168,R03,monsoon,clear,1.6112130593135694,1.4430539413473156,1.4430539413473156,16,2026-09-26
temperature,nwp,168,R10,monsoon,clear,3.8430201698044497,3.220920858500929,3.220920858500929,16,2026-09-26
temperature,nwp,168,R11,monsoon,clear,7.100656857608573,6.979420176376541,6.979420176376541,16,2026-09-26
temperature,nwp,168,R12,monsoon,clear,7.327036682212337,7.120338573691284,7.120338573691284,16,2026-09-26
temperature,nwp,168,R13,monsoon,clear,6.039379973498872,5.321414369182842,5.321414369182842,16,2026-09-26
temperature,nwp,168,R20,monsoon,clear,15.737939208610198,14.84907189514413,14.84907189514413,16,2026-09-26
temperature,nwp,168,R21,monsoon,clear,13.511699614715097,13.232678854671544,13.232678854671544,16,2026-09-26
temperature,nwp,168,R22,monsoon,clear,13.820392527551167,13.350681047792827,13.350681047792827,16,2026-09-26
temperature,nwp,168,R23,monsoon,clear,13.792577515954791,12.699597432328892,12.699597432328892,16,2026-09-26
temperature,nwp,168,R30,monsoon,clear,17.870676970836186,17.169735316733146,17.169735316733146,16,2026-09-26
temperature,nwp,168,R31,monsoon,clear,15.212330439076492,14.88248554057059,14.88248554057059,16,2026-09-26
temperature,nwp,168,R32,monsoon,clear,18.867008355586204,18.74586445623955,18.74586445623955,16,2026-09-26
temperature,nwp,168,R33,monsoon,clear,20.8898943380422,20.63020458749948,20.63020458749948,16,2026-09-26
temperature,nwp,168,R00,monsoon,clear,1.0703650504467626,0.9818052625198214,0.9818052625198214,16,2026-09-26
temperature,nwp,168,R01,monsoon,clear,4.294711897342234,3.860979876734099,3.711113342787519,16,2026-09-26
temperature,nwp,168,R02,monsoon,clear,3.460205334255488,3.288607386208368,3.288607386208368,16,2026-09-26
temperature,nwp,168,R03,monsoon,clear,1.3939122307385508,1.1747990645629691,1.1747990645629691,16,2026-09-26
temperature,nwp,168,R10,monsoon,clear,3.818644730513479,3.101711207260333,3.101711207260333,16,2026-09-26
temperature,nwp,168,R11,monsoon,clear,7.9040397403929425,7.794147137300465,7.794147137300465,16,2026-09-26
temperature,nwp,168,R12,monsoon,clear,7.615138929517974,7.34040180441773,7.34040180441773,16,2026-09-26
temperature,nwp,168,R13,monsoon,clear,6.451158829719467,5.462538354190808,5.462538354190808,16,2026-09-26
temperature,nwp,168,R20,monsoon,clear,15.082400828011991,14.480754012747568,14.480754012747568,16,2026-09-26
temperature,nwp,168,R21,monsoon,clear,14.33099804680256,14.159380879343315,14.159380879343315,16,2026-09-26
temperature,nwp,168,R22,monsoon,clear,14.564769981325169,13.995742464418814,13.995742464418814,16,2026-09-26
temperature,nwp,168,R23,monsoon,clear,14.05664069556193,13.1168763720352,13.1168763720352,16,2026-09-26
temperature,nwp,168,R30,monsoon,clear,15.94554977992638,15.473923534084618,15.473923534084618,16,2026-09-26
temperature,nwp,168,R31,monsoon,clear,15.754999585217387,15.444204008000415,15.444204008000415,16,2026-09-26
temperature,nwp,168,R32,monsoon,clear,19.14448750887508,19.033359392582163,19.033359392582163,16,2026-09-26
temperature,nwp,168,R33,monsoon,clear,20.40810670204089,20.074442070017785,20.074442070017785,16,2026-09-26
temperature,ai,168,R00,monsoon,clear,1.21869430662651,1.0348144095882634,-1.0348144095882634,16,2026-09-26
temperature,ai,168,R01,monsoon,clear,2.854060086412596,2.406864012416013,2.406864012416013,16,2026-09-26
temperature,ai,168,R02,monsoon,clear,0.9491474511758172,0.780567010322225,0.5248945360222965,16,2026-09-26
temperature,ai,168,R03,monsoon,clear,0.3729164930713652,0.2675482705198699,0.0667880119250491,16,2026-09-26
temperature,ai,168,R10,monsoon,clear,2.5471857112604464,2.2469059144322308,-1.9470563547895785,16,2026-09-26
temperature,ai,168,R11,monsoon,clear,4.116894920532916,3.985893455787944,3.985893455787944,16,2026-09-26
temperature,ai,168,R12,monsoon,clear,1.8046665847702683,1.5492507576648062,1.5492507576648062,16,2026-09-26
temperature,ai,168,R13,monsoon,clear,0.644327505651005,0.5246542647247935,0.1527950886541935,16,2026-09-26
temperature,ai,168,R20,monsoon,clear,2.5815609877391106,2.142724369504323,-1.4872030112184105,16,2026-09-26
temperature,ai,168,R21,monsoon,clear,3.993336081659436,3.416065824532222,2.9495407820336577,16,2026-09-26
temperature,ai,168,R22,monsoon,clear,4.037430613453783,3.6912782636100814,2.1670026774465247,16,2026-09-26
temperature,ai,168,R23,monsoon,clear,2.058858991402301,1.392461489453731,1.291747423336831,16,2026-09-26
temperature,ai,168,R30,monsoon,clear,1.3793319342023134,1.2081295948002428,-0.8871687658071884,16,2026-09-26
temperature,ai,168,R31,monsoon,clear,2.5323477233608056,1.9106833815084057,-1.758312527377912,16,2026-09-26
temperature,ai,168,R32,monsoon,clear,1.5690527546063358,1.050286616572622,-0.7634688715679575,16,2026-09-26
temperature,ai,168,R33,monsoon,clear,2.619725023595266,1.909200089484736,1.813364431959444,16,2026-09-26
temperature,ai,168,R00,monsoon,clear,1.21869430662651,1.0348144095882634,-1.0348144095882634,16,2026-09-26
temperature,ai,168,R01,monsoon,clear,2.854060086412596,2.406864012416013,2.406864012416013,16,2026-09-26
temperature,ai,168,R02,monsoon,clear,0.9491474511758172,0.780567010322225,0.5248945360222965,16,2026-09-26
temperature,ai,168,R03,monsoon,clear,0.3729164930713652,0.2675482705198699,0.0667880119250491,16,2026-09-26
temperature,ai,168,R10,monsoon,clear,2.5471857112604464,2.2469059144322308,-1.9470563547895785,16,2026-09-26
temperature,ai,168,R11,monsoon,clear,4.116894920532916,3.985893455787944,3.985893455787944,16,2026-09-26
temperature,ai,168,R12,monsoon,clear,1.8046665847702683,1.5492507576648062,1.5492507576648062,16,2026-09-26
temperature,ai,168,R13,monsoon,clear,0.644327505651005,0.5246542647247935,0.1527950886541935,16,2026-09-26
temperature,ai,168,R20,monsoon,clear,2.5815609877391106,2.142724369504323,-1.4872030112184105,16,2026-09-26
temperature,ai,168,R21,monsoon,clear,3.993336081659436,3.416065824532222,2.9495407820336577,16,2026-09-26
temperature,ai,168,R22,monsoon,clear,4.037430613453783,3.6912782636100814,2.1670026774465247,16,2026-09-26
temperature,ai,168,R23,monsoon,clear,2.058858991402301,1.392461489453731,1.291747423336831,16,2026-09-26
temperature,ai,168,R30,monsoon,clear,1.3793319342023134,1.2081295948002428,-0.8871687658071884,16,2026-09-26
temperature,ai,168,R31,monsoon,clear,2.5323477233608056,1.9106833815084057,-1.758312527377912,16,2026-09-26
temperature,ai,168,R32,monsoon,clear,1.5690527546063358,1.050286616572622,-0.7634688715679575,16,2026-09-26
temperature,ai,168,R33,monsoon,clear,2.619725023595266,1.909200089484736,1.813364431959444,16,2026-09-26
temperature,ensemble,168,R00,monsoon,clear,1.12633781817557,1.033786569184558,1.033786569184558,16,2026-09-26
temperature,ensemble,168,R01,monsoon,clear,4.123411259399743,3.71122785152232,3.71122785152232,16,2026-09-26
temperature,ensemble,168,R02,monsoon,clear,3.313011284621047,3.171126917458365,3.171126917458365,16,2026-09-26
temperature,ensemble,168,R03,monsoon,clear,1.6849046706171014,1.6032691769279557,1.6032691769279557,16,2026-09-26
temperature,ensemble,168,R10,monsoon,clear,3.878266202425065,3.212679982126494,3.212679982126494,16,2026-09-26
temperature,ensemble,168,R11,monsoon,clear,7.577217816543097,7.478568447725271,7.478568447725271,16,2026-09-26
temperature,ensemble,168,R12,monsoon,clear,7.223097784421739,7.05667849882149,7.05667849882149,16,2026-09-26
temperature,ensemble,168,R13,monsoon,clear,6.212666339876999,5.625875790442957,5.625875790442957,16,2026-09-26
temperature,ensemble,168,R20,monsoon,clear,15.392122605790563,14.606049219453295,14.606049219453295,16,2026-09-26
temperature,ensemble,168,R21,monsoon,clear,14.01658793822264,13.737186012739038,13.737186012739038,16,2026-09-26
temperature,ensemble,168,R22,monsoon,clear,13.581819659073734,13.232219710173474,13.232219710173474,16,2026-09-26
temperature,ensemble,168,R23,monsoon,clear,13.550897562251247,12.658803602305024,12.658803602305024,16,2026-09-26
temperature,ensemble,168,R30,monsoon,clear,16.992215748538094,16.49222101491504,16.49222101491504,16,2026-09-26
temperature,ensemble,168,R31,monsoon,clear,14.72443235438002,14.399208156130484,14.399208156130484,16,2026-09-26
temperature,ensemble,168,R32,monsoon,clear,18.21664430250208,18.13284551047494,18.13284551047494,16,2026-09-26
temperature,ensemble,168,R33,monsoon,clear,21.18220320318791,20.86306284126104,20.86306284126104,16,2026-09-26
temperature,ensemble,168,R00,monsoon,clear,1.1308638731237768,1.062154368543168,1.062154368543168,16,2026-09-26
temperature,ensemble,168,R01,monsoon,clear,4.234342898080679,3.795743379318188,3.795743379318188,16,2026-09-26
temperature,ensemble,168,R02,monsoon,clear,3.3323483272835803,3.196795286327731,3.196795286327731,16,2026-09-26
temperature,ensemble,168,R03,monsoon,clear,1.5761587893358675,1.468829946844985,1.468829946844985,16,2026-09-26
temperature,ensemble,168,R10,monsoon,clear,3.688554090535612,3.064773872281304,3.064773872281304,16,2026-09-26
temperature,ensemble,168,R11,monsoon,clear,7.561499601982576,7.4524297182059716,7.4524297182059716,16,2026-09-26
temperature,ensemble,168,R12,monsoon,clear,7.206223219036682,6.990167471803264,6.990167471803264,16,2026-09-26
temperature,ensemble,168,R13,monsoon,clear,6.384064395493934,5.709424939567678,5.709424939567678,16,2026-09-26
temperature,ensemble,168,R20,monsoon,clear,15.191724350865275,14.488164969236273,14.488164969236273,16,2026-09-26
temperature,ensemble,168,R21,monsoon,clear,13.91477435482732,13.694877934397024,13.694877934397024,16,2026-09-26
temperature,ensemble,168,R22,monsoon,clear,13.65789442229645,13.250475800125724,13.250475800125724,16,2026-09-26
temperature,ensemble,168,R23,monsoon,clear,13.468407993384304,12.663043138166552,12.663043138166552,16,2026-09-26
temperature,ensemble,168,R30,monsoon,clear,15.818830759296562,15.41781548226651,15.41781548226651,16,2026-09-26
temperature,ensemble,168,R31,monsoon,clear,14.821954125880165,14.504846696892912,14.504846696892912,16,2026-09-26
temperature,ensemble,168,R32,monsoon,clear,18.65957083222059,18.56877069041564,18.56877069041564,16,2026-09-26
temperature,ensemble,168,R33,monsoon,clear,21.24790553061502,20.98584024227859,20.98584024227859,16,2026-09-26
temperature,nwp,168,R00,monsoon,clear,1.086819790398577,0.988481996219671,0.988481996219671,16,2026-09-26
temperature,nwp,168,R01,monsoon,clear,3.5951456118684546,3.2133215269237936,3.2133215269237936,16,2026-09-26
temperature,nwp,168,R02,monsoon,clear,3.423579426059216,3.286780355320046,3.286780355320046,16,2026-09-26
temperature,nwp,168,R03,monsoon,clear,1.6112130593135694,1.4430539413473156,1.4430539413473156,16,2026-09-26
temperature,nwp,168,R10,monsoon,clear,3.8430201698044497,3.220920858500929,3.220920858500929,16,2026-09-26
temperature,nwp,168,R11,monsoon,clear,7.100656857608573,6.979420176376541,6.979420176376541,16,2026-09-26
temperature,nwp,168,R12,monsoon,clear,7.327036682212337,7.120338573691284,7.120338573691284,16,2026-09-26
temperature,nwp,168,R13,monsoon,clear,6.039379973498872,5.321414369182842,5.321414369182842,16,2026-09-26
temperature,nwp,168,R20,monsoon,clear,15.737939208610198,14.84907189514413,14.84907189514413,16,2026-09-26
temperature,nwp,168,R21,monsoon,clear,13.511699614715097,13.232678854671544,13.232678854671544,16,2026-09-26
temperature,nwp,168,R22,monsoon,clear,13.820392527551167,13.350681047792827,13.350681047792827,16,2026-09-26
temperature,nwp,168,R23,monsoon,clear,13.792577515954791,12.699597432328892,12.699597432328892,16,2026-09-26
temperature,nwp,168,R30,monsoon,clear,17.870676970836186,17.169735316733146,17.169735316733146,16,2026-09-26
temperature,nwp,168,R31,monsoon,clear,15.212330439076492,14.88248554057059,14.88248554057059,16,2026-09-26
temperature,nwp,168,R32,monsoon,clear,18.867008355586204,18.74586445623955,18.74586445623955,16,2026-09-26
temperature,nwp,168,R33,monsoon,clear,20.8898943380422,20.63020458749948,20.63020458749948,16,2026-09-26
temperature,nwp,168,R00,monsoon,clear,1.0703650504467626,0.9818052625198214,0.9818052625198214,16,2026-09-26
temperature,nwp,168,R01,monsoon,clear,4.294711897342234,3.860979876734099,3.711113342787519,16,2026-09-26
temperature,nwp,168,R02,monsoon,clear,3.460205334255488,3.288607386208368,3.288607386208368,16,2026-09-26
temperature,nwp,168,R03,monsoon,clear,1.3939122307385508,1.1747990645629691,1.1747990645629691,16,2026-09-26
temperature,nwp,168,R10,monsoon,clear,3.818644730513479,3.101711207260333,3.101711207260333,16,2026-09-26
temperature,nwp,168,R11,monsoon,clear,7.9040397403929425,7.794147137300465,7.794147137300465,16,2026-09-26
temperature,nwp,168,R12,monsoon,clear,7.615138929517974,7.34040180441773,7.34040180441773,16,2026-09-26
temperature,nwp,168,R13,monsoon,clear,6.451158829719467,5.462538354190808,5.462538354190808,16,2026-09-26
temperature,nwp,168,R20,monsoon,clear,15.082400828011991,14.480754012747568,14.480754012747568,16,2026-09-26
temperature,nwp,168,R21,monsoon,clear,14.33099804680256,14.159380879343315,14.159380879343315,16,2026-09-26
temperature,nwp,168,R22,monsoon,clear,14.564769981325169,13.995742464418814,13.995742464418814,16,2026-09-26
temperature,nwp,168,R23,monsoon,clear,14.05664069556193,13.1168763720352,13.1168763720352,16,2026-09-26
temperature,nwp,168,R30,monsoon,clear,15.94554977992638,15.473923534084618,15.473923534084618,16,2026-09-26
temperature,nwp,168,R31,monsoon,clear,15.754999585217387,15.444204008000415,15.444204008000415,16,2026-09-26
temperature,nwp,168,R32,monsoon,clear,19.14448750887508,19.033359392582163,19.033359392582163,16,2026-09-26
temperature,nwp,168,R33,monsoon,clear,20.40810670204089,20.074442070017785,20.074442070017785,16,2026-09-26
temperature,ai,168,R00,monsoon,clear,1.21869430662651,1.0348144095882634,-1.0348144095882634,16,2026-09-26
temperature,ai,168,R01,monsoon,clear,2.854060086412596,2.406864012416013,2.406864012416013,16,2026-09-26
temperature,ai,168,R02,monsoon,clear,0.9491474511758172,0.780567010322225,0.5248945360222965,16,2026-09-26
temperature,ai,168,R03,monsoon,clear,0.3729164930713652,0.2675482705198699,0.0667880119250491,16,2026-09-26
temperature,ai,168,R10,monsoon,clear,2.5471857112604464,2.2469059144322308,-1.9470563547895785,16,2026-09-26
temperature,ai,168,R11,monsoon,clear,4.116894920532916,3.985893455787944,3.985893455787944,16,2026-09-26
temperature,ai,168,R12,monsoon,clear,1.8046665847702683,1.5492507576648062,1.5492507576648062,16,2026-09-26
temperature,ai,168,R13,monsoon,clear,0.644327505651005,0.5246542647247935,0.1527950886541935,16,2026-09-26
temperature,ai,168,R20,monsoon,clear,2.5815609877391106,2.142724369504323,-1.4872030112184105,16,2026-09-26
temperature,ai,168,R21,monsoon,clear,3.993336081659436,3.416065824532222,2.9495407820336577,16,2026-09-26
temperature,ai,168,R22,monsoon,clear,4.037430613453783,3.6912782636100814,2.1670026774465247,16,2026-09-26
temperature,ai,168,R23,monsoon,clear,2.058858991402301,1.392461489453731,1.291747423336831,16,2026-09-26
temperature,ai,168,R30,monsoon,clear,1.3793319342023134,1.2081295948002428,-0.8871687658071884,16,2026-09-26
temperature,ai,168,R31,monsoon,clear,2.5323477233608056,1.9106833815084057,-1.758312527377912,16,2026-09-26
temperature,ai,168,R32,monsoon,clear,1.5690527546063358,1.050286616572622,-0.7634688715679575,16,2026-09-26
temperature,ai,168,R33,monsoon,clear,2.619725023595266,1.909200089484736,1.813364431959444,16,2026-09-26
temperature,ai,168,R00,monsoon,clear,1.21869430662651,1.0348144095882634,-1.0348144095882634,16,2026-09-26
temperature,ai,168,R01,monsoon,clear,2.854060086412596,2.406864012416013,2.406864012416013,16,2026-09-26
temperature,ai,168,R02,monsoon,clear,0.9491474511758172,0.780567010322225,0.5248945360222965,16,2026-09-26
temperature,ai,168,R03,monsoon,clear,0.3729164930713652,0.2675482705198699,0.0667880119250491,16,2026-09-26
temperature,ai,168,R10,monsoon,clear,2.5471857112604464,2.2469059144322308,-1.9470563547895785,16,2026-09-26
temperature,ai,168,R11,monsoon,clear,4.116894920532916,3.985893455787944,3.985893455787944,16,2026-09-26
temperature,ai,168,R12,monsoon,clear,1.8046665847702683,1.5492507576648062,1.5492507576648062,16,2026-09-26
temperature,ai,168,R13,monsoon,clear,0.644327505651005,0.5246542647247935,0.1527950886541935,16,2026-09-26
temperature,ai,168,R20,monsoon,clear,2.5815609877391106,2.142724369504323,-1.4872030112184105,16,2026-09-26
temperature,ai,168,R21,monsoon,clear,3.993336081659436,3.416065824532222,2.9495407820336577,16,2026-09-26
temperature,ai,168,R22,monsoon,clear,4.037430613453783,3.6912782636100814,2.1670026774465247,16,2026-09-26
temperature,ai,168,R23,monsoon,clear,2.058858991402301,1.392461489453731,1.291747423336831,16,2026-09-26
temperature,ai,168,R30,monsoon,clear,1.3793319342023134,1.2081295948002428,-0.8871687658071884,16,2026-09-26
temperature,ai,168,R31,monsoon,clear,2.5323477233608056,1.9106833815084057,-1.758312527377912,16,2026-09-26
temperature,ai,168,R32,monsoon,clear,1.5690527546063358,1.050286616572622,-0.7634688715679575,16,2026-09-26
temperature,ai,168,R33,monsoon,clear,2.619725023595266,1.909200089484736,1.813364431959444,16,2026-09-26
temperature,ensemble,168,R00,monsoon,clear,1.12633781817557,1.033786569184558,1.033786569184558,16,2026-09-26
temperature,ensemble,168,R01,monsoon,clear,4.123411259399743,3.71122785152232,3.71122785152232,16,2026-09-26
temperature,ensemble,168,R02,monsoon,clear,3.313011284621047,3.171126917458365,3.171126917458365,16,2026-09-26
temperature,ensemble,168,R03,monsoon,clear,1.6849046706171014,1.6032691769279557,1.6032691769279557,16,2026-09-26
temperature,ensemble,168,R10,monsoon,clear,3.878266202425065,3.212679982126494,3.212679982126494,16,2026-09-26
temperature,ensemble,168,R11,monsoon,clear,7.577217816543097,7.478568447725271,7.478568447725271,16,2026-09-26
temperature,ensemble,168,R12,monsoon,clear,7.223097784421739,7.05667849882149,7.05667849882149,16,2026-09-26
temperature,ensemble,168,R13,monsoon,clear,6.212666339876999,5.625875790442957,5.625875790442957,16,2026-09-26
temperature,ensemble,168,R20,monsoon,clear,15.392122605790563,14.606049219453295,14.606049219453295,16,2026-09-26
temperature,ensemble,168,R21,monsoon,clear,14.01658793822264,13.737186012739038,13.737186012739038,16,2026-09-26
temperature,ensemble,168,R22,monsoon,clear,13.581819659073734,13.232219710173474,13.232219710173474,16,2026-09-26
temperature,ensemble,168,R23,monsoon,clear,13.550897562251247,12.658803602305024,12.658803602305024,16,2026-09-26
temperature,ensemble,168,R30,monsoon,clear,16.992215748538094,16.49222101491504,16.49222101491504,16,2026-09-26
temperature,ensemble,168,R31,monsoon,clear,14.72443235438002,14.399208156130484,14.399208156130484,16,2026-09-26
temperature,ensemble,168,R32,monsoon,clear,18.21664430250208,18.13284551047494,18.13284551047494,16,2026-09-26
temperature,ensemble,168,R33,monsoon,clear,21.18220320318791,20.86306284126104,20.86306284126104,16,2026-09-26
temperature,ensemble,168,R00,monsoon,clear,1.1308638731237768,1.062154368543168,1.062154368543168,16,2026-09-26
temperature,ensemble,168,R01,monsoon,clear,4.234342898080679,3.795743379318188,3.795743379318188,16,2026-09-26
temperature,ensemble,168,R02,monsoon,clear,3.3323483272835803,3.196795286327731,3.196795286327731,16,2026-09-26
temperature,ensemble,168,R03,monsoon,clear,1.5761587893358675,1.468829946844985,1.468829946844985,16,2026-09-26
temperature,ensemble,168,R10,monsoon,clear,3.688554090535612,3.064773872281304,3.064773872281304,16,2026-09-26
temperature,ensemble,168,R11,monsoon,clear,7.561499601982576,7.4524297182059716,7.4524297182059716,16,2026-09-26
temperature,ensemble,168,R12,monsoon,clear,7.206223219036682,6.990167471803264,6.990167471803264,16,2026-09-26
temperature,ensemble,168,R13,monsoon,clear,6.384064395493934,5.709424939567678,5.709424939567678,16,2026-09-26
temperature,ensemble,168,R20,monsoon,clear,15.191724350865275,14.488164969236273,14.488164969236273,16,2026-09-26
temperature,ensemble,168,R21,monsoon,clear,13.91477435482732,13.694877934397024,13.694877934397024,16,2026-09-26
temperature,ensemble,168,R22,monsoon,clear,13.65789442229645,13.250475800125724,13.250475800125724,16,2026-09-26
temperature,ensemble,168,R23,monsoon,clear,13.468407993384304,12.663043138166552,12.663043138166552,16,2026-09-26
temperature,ensemble,168,R30,monsoon,clear,15.818830759296562,15.41781548226651,15.41781548226651,16,2026-09-26
temperature,ensemble,168,R31,monsoon,clear,14.821954125880165,14.504846696892912,14.504846696892912,16,2026-09-26
temperature,ensemble,168,R32,monsoon,clear,18.65957083222059,18.56877069041564,18.56877069041564,16,2026-09-26
temperature,ensemble,168,R33,monsoon,clear,21.24790553061502,20.98584024227859,20.98584024227859,16,2026-09-26
temperature,nwp,168,R00,monsoon,clear,1.086819790398577,0.988481996219671,0.988481996219671,16,2026-09-26
temperature,nwp,168,R01,monsoon,clear,3.5951456118684546,3.2133215269237936,3.2133215269237936,16,2026-09-26
temperature,nwp,168,R02,monsoon,clear,3.423579426059216,3.286780355320046,3.286780355320046,16,2026-09-26
temperature,nwp,168,R03,monsoon,clear,1.6112130593135694,1.4430539413473156,1.4430539413473156,16,2026-09-26
temperature,nwp,168,R10,monsoon,clear,3.8430201698044497,3.220920858500929,3.220920858500929,16,2026-09-26
temperature,nwp,168,R11,monsoon,clear,7.100656857608573,6.979420176376541,6.979420176376541,16,2026-09-26
temperature,nwp,168,R12,monsoon,clear,7.327036682212337,7.120338573691284,7.120338573691284,16,2026-09-26
temperature,nwp,168,R13,monsoon,clear,6.039379973498872,5.321414369182842,5.321414369182842,16,2026-09-26
temperature,nwp,168,R20,monsoon,clear,15.737939208610198,14.84907189514413,14.84907189514413,16,2026-09-26
temperature,nwp,168,R21,monsoon,clear,13.511699614715097,13.232678854671544,13.232678854671544,16,2026-09-26
temperature,nwp,168,R22,monsoon,clear,13.820392527551167,13.350681047792827,13.350681047792827,16,2026-09-26
temperature,nwp,168,R23,monsoon,clear,13.792577515954791,12.699597432328892,12.699597432328892,16,2026-09-26
temperature,nwp,168,R30,monsoon,clear,17.870676970836186,17.169735316733146,17.169735316733146,16,2026-09-26
temperature,nwp,168,R31,monsoon,clear,15.212330439076492,14.88248554057059,14.88248554057059,16,2026-09-26
temperature,nwp,168,R32,monsoon,clear,18.867008355586204,18.74586445623955,18.74586445623955,16,2026-09-26
temperature,nwp,168,R33,monsoon,clear,20.8898943380422,20.63020458749948,20.63020458749948,16,2026-09-26
temperature,nwp,168,R00,monsoon,clear,1.0703650504467626,0.9818052625198214,0.9818052625198214,16,2026-09-26
temperature,nwp,168,R01,monsoon,clear,4.294711897342234,3.860979876734099,3.711113342787519,16,2026-09-26
temperature,nwp,168,R02,monsoon,clear,3.460205334255488,3.288607386208368,3.288607386208368,16,2026-09-26
temperature,nwp,168,R03,monsoon,clear,1.3939122307385508,1.1747990645629691,1.1747990645629691,16,2026-09-26
temperature,nwp,168,R10,monsoon,clear,3.818644730513479,3.101711207260333,3.101711207260333,16,2026-09-26
temperature,nwp,168,R11,monsoon,clear,7.9040397403929425,7.794147137300465,7.794147137300465,16,2026-09-26
temperature,nwp,168,R12,monsoon,clear,7.615138929517974,7.34040180441773,7.34040180441773,16,2026-09-26
temperature,nwp,168,R13,monsoon,clear,6.451158829719467,5.462538354190808,5.462538354190808,16,2026-09-26
temperature,nwp,168,R20,monsoon,clear,15.082400828011991,14.480754012747568,14.480754012747568,16,2026-09-26
temperature,nwp,168,R21,monsoon,clear,14.33099804680256,14.159380879343315,14.159380879343315,16,2026-09-26
temperature,nwp,168,R22,monsoon,clear,14.564769981325169,13.995742464418814,13.995742464418814,16,2026-09-26
temperature,nwp,168,R23,monsoon,clear,14.05664069556193,13.1168763720352,13.1168763720352,16,2026-09-26
temperature,nwp,168,R30,monsoon,clear,15.94554977992638,15.473923534084618,15.473923534084618,16,2026-09-26
temperature,nwp,168,R31,monsoon,clear,15.754999585217387,15.444204008000415,15.444204008000415,16,2026-09-26
temperature,nwp,168,R32,monsoon,clear,19.14448750887508,19.033359392582163,19.033359392582163,16,2026-09-26
temperature,nwp,168,R33,monsoon,clear,20.40810670204089,20.074442070017785,20.074442070017785,16,2026-09-26
temperature,ai,168,R00,monsoon,clear,1.21869430662651,1.0348144095882634,-1.0348144095882634,16,2026-09-26
temperature,ai,168,R01,monsoon,clear,2.854060086412596,2.406864012416013,2.406864012416013,16,2026-09-26
temperature,ai,168,R02,monsoon,clear,0.9491474511758172,0.780567010322225,0.5248945360222965,16,2026-09-26
temperature,ai,168,R03,monsoon,clear,0.3729164930713652,0.2675482705198699,0.0667880119250491,16,2026-09-26
temperature,ai,168,R10,monsoon,clear,2.5471857112604464,2.2469059144322308,-1.9470563547895785,16,2026-09-26
temperature,ai,168,R11,monsoon,clear,4.116894920532916,3.985893455787944,3.985893455787944,16,2026-09-26
temperature,ai,168,R12,monsoon,clear,1.8046665847702683,1.5492507576648062,1.5492507576648062,16,2026-09-26
temperature,ai,168,R13,monsoon,clear,0.644327505651005,0.5246542647247935,0.1527950886541935,16,2026-09-26
temperature,ai,168,R20,monsoon,clear,2.5815609877391106,2.142724369504323,-1.4872030112184105,16,2026-09-26
temperature,ai,168,R21,monsoon,clear,3.993336081659436,3.416065824532222,2.9495407820336577,16,2026-09-26
temperature,ai,168,R22,monsoon,clear,4.037430613453783,3.6912782636100814,2.1670026774465247,16,2026-09-26
temperature,ai,168,R23,monsoon,clear,2.058858991402301,1.392461489453731,1.291747423336831,16,2026-09-26
temperature,ai,168,R30,monsoon,clear,1.3793319342023134,1.2081295948002428,-0.8871687658071884,16,2026-09-26
temperature,ai,168,R31,monsoon,clear,2.5323477233608056,1.9106833815084057,-1.758312527377912,16,2026-09-26
temperature,ai,168,R32,monsoon,clear,1.5690527546063358,1.050286616572622,-0.7634688715679575,16,2026-09-26
temperature,ai,168,R33,monsoon,clear,2.619725023595266,1.909200089484736,1.813364431959444,16,2026-09-26
temperature,ai,168,R00,monsoon,clear,1.21869430662651,1.0348144095882634,-1.0348144095882634,16,2026-09-26
temperature,ai,168,R01,monsoon,clear,2.854060086412596,2.406864012416013,2.406864012416013,16,2026-09-26
temperature,ai,168,R02,monsoon,clear,0.9491474511758172,0.780567010322225,0.5248945360222965,16,2026-09-26
temperature,ai,168,R03,monsoon,clear,0.3729164930713652,0.2675482705198699,0.0667880119250491,16,2026-09-26
temperature,ai,168,R10,monsoon,clear,2.5471857112604464,2.2469059144322308,-1.9470563547895785,16,2026-09-26
temperature,ai,168,R11,monsoon,clear,4.116894920532916,3.985893455787944,3.985893455787944,16,2026-09-26
temperature,ai,168,R12,monsoon,clear,1.8046665847702683,1.5492507576648062,1.5492507576648062,16,2026-09-26
temperature,ai,168,R13,monsoon,clear,0.644327505651005,0.5246542647247935,0.1527950886541935,16,2026-09-26
temperature,ai,168,R20,monsoon,clear,2.5815609877391106,2.142724369504323,-1.4872030112184105,16,2026-09-26
temperature,ai,168,R21,monsoon,clear,3.993336081659436,3.416065824532222,2.9495407820336577,16,2026-09-26
temperature,ai,168,R22,monsoon,clear,4.037430613453783,3.6912782636100814,2.1670026774465247,16,2026-09-26
temperature,ai,168,R23,monsoon,clear,2.058858991402301,1.392461489453731,1.291747423336831,16,2026-09-26
temperature,ai,168,R30,monsoon,clear,1.3793319342023134,1.2081295948002428,-0.8871687658071884,16,2026-09-26
temperature,ai,168,R31,monsoon,clear,2.5323477233608056,1.9106833815084057,-1.758312527377912,16,2026-09-26
temperature,ai,168,R32,monsoon,clear,1.5690527546063358,1.050286616572622,-0.7634688715679575,16,2026-09-26
temperature,ai,168,R33,monsoon,clear,2.619725023595266,1.909200089484736,1.813364431959444,16,2026-09-26
temperature,ensemble,168,R00,monsoon,clear,1.12633781817557,1.033786569184558,1.033786569184558,16,2026-09-26
temperature,ensemble,168,R01,monsoon,clear,4.123411259399743,3.71122785152232,3.71122785152232,16,2026-09-26
temperature,ensemble,168,R02,monsoon,clear,3.313011284621047,3.171126917458365,3.171126917458365,16,2026-09-26
temperature,ensemble,168,R03,monsoon,clear,1.6849046706171014,1.6032691769279557,1.6032691769279557,16,2026-09-26
temperature,ensemble,168,R10,monsoon,clear,3.878266202425065,3.212679982126494,3.212679982126494,16,2026-09-26
temperature,ensemble,168,R11,monsoon,clear,7.577217816543097,7.478568447725271,7.478568447725271,16,2026-09-26
temperature,ensemble,168,R12,monsoon,clear,7.223097784421739,7.05667849882149,7.05667849882149,16,2026-09-26
temperature,ensemble,168,R13,monsoon,clear,6.212666339876999,5.625875790442957,5.625875790442957,16,2026-09-26
temperature,ensemble,168,R20,monsoon,clear,15.392122605790563,14.606049219453295,14.606049219453295,16,2026-09-26
temperature,ensemble,168,R21,monsoon,clear,14.01658793822264,13.737186012739038,13.737186012739038,16,2026-09-26
temperature,ensemble,168,R22,monsoon,clear,13.581819659073734,13.232219710173474,13.232219710173474,16,2026-09-26
temperature,ensemble,168,R23,monsoon,clear,13.550897562251247,12.658803602305024,12.658803602305024,16,2026-09-26
temperature,ensemble,168,R30,monsoon,clear,16.992215748538094,16.49222101491504,16.49222101491504,16,2026-09-26
temperature,ensemble,168,R31,monsoon,clear,14.72443235438002,14.399208156130484,14.399208156130484,16,2026-09-26
temperature,ensemble,168,R32,monsoon,clear,18.21664430250208,18.13284551047494,18.13284551047494,16,2026-09-26
temperature,ensemble,168,R33,monsoon,clear,21.18220320318791,20.86306284126104,20.86306284126104,16,2026-09-26
temperature,ensemble,168,R00,monsoon,clear,1.1308638731237768,1.062154368543168,1.062154368543168,16,2026-09-26
temperature,ensemble,168,R01,monsoon,clear,4.234342898080679,3.795743379318188,3.795743379318188,16,2026-09-26
temperature,ensemble,168,R02,monsoon,clear,3.3323483272835803,3.196795286327731,3.196795286327731,16,2026-09-26
temperature,ensemble,168,R03,monsoon,clear,1.5761587893358675,1.468829946844985,1.468829946844985,16,2026-09-26
temperature,ensemble,168,R10,monsoon,clear,3.688554090535612,3.064773872281304,3.064773872281304,16,2026-09-26
temperature,ensemble,168,R11,monsoon,clear,7.561499601982576,7.4524297182059716,7.4524297182059716,16,2026-09-26
temperature,ensemble,168,R12,monsoon,clear,7.206223219036682,6.990167471803264,6.990167471803264,16,2026-09-26
temperature,ensemble,168,R13,monsoon,clear,6.384064395493934,5.709424939567678,5.709424939567678,16,2026-09-26
temperature,ensemble,168,R20,monsoon,clear,15.191724350865275,14.488164969236273,14.488164969236273,16,2026-09-26
temperature,ensemble,168,R21,monsoon,clear,13.91477435482732,13.694877934397024,13.694877934397024,16,2026-09-26
temperature,ensemble,168,R22,monsoon,clear,13.65789442229645,13.250475800125724,13.250475800125724,16,2026-09-26
temperature,ensemble,168,R23,monsoon,clear,13.468407993384304,12.663043138166552,12.663043138166552,16,2026-09-26
temperature,ensemble,168,R30,monsoon,clear,15.818830759296562,15.41781548226651,15.41781548226651,16,2026-09-26
temperature,ensemble,168,R31,monsoon,clear,14.821954125880165,14.504846696892912,14.504846696892912,16,2026-09-26
temperature,ensemble,168,R32,monsoon,clear,18.65957083222059,18.56877069041564,18.56877069041564,16,2026-09-26
temperature,ensemble,168,R33,monsoon,clear,21.24790553061502,20.98584024227859,20.98584024227859,16,2026-09-26
temperature,nwp,168,R00,monsoon,clear,1.086819790398577,0.988481996219671,0.988481996219671,16,2026-09-26
temperature,nwp,168,R01,monsoon,clear,3.5951456118684546,3.2133215269237936,3.2133215269237936,16,2026-09-26
temperature,nwp,168,R02,monsoon,clear,3.423579426059216,3.286780355320046,3.286780355320046,16,2026-09-26
temperature,nwp,168,R03,monsoon,clear,1.6112130593135694,1.4430539413473156,1.4430539413473156,16,2026-09-26
temperature,nwp,168,R10,monsoon,clear,3.8430201698044497,3.220920858500929,3.220920858500929,16,2026-09-26
temperature,nwp,168,R11,monsoon,clear,7.100656857608573,6.979420176376541,6.979420176376541,16,2026-09-26
temperature,nwp,168,R12,monsoon,clear,7.327036682212337,7.120338573691284,7.120338573691284,16,2026-09-26
temperature,nwp,168,R13,monsoon,clear,6.039379973498872,5.321414369182842,5.321414369182842,16,2026-09-26
temperature,nwp,168,R20,monsoon,clear,15.737939208610198,14.84907189514413,14.84907189514413,16,2026-09-26
temperature,nwp,168,R21,monsoon,clear,13.511699614715097,13.232678854671544,13.232678854671544,16,2026-09-26
temperature,nwp,168,R22,monsoon,clear,13.820392527551167,13.350681047792827,13.350681047792827,16,2026-09-26
temperature,nwp,168,R23,monsoon,clear,13.792577515954791,12.699597432328892,12.699597432328892,16,2026-09-26
temperature,nwp,168,R30,monsoon,clear,17.870676970836186,17.169735316733146,17.169735316733146,16,2026-09-26
temperature,nwp,168,R31,monsoon,clear,15.212330439076492,14.88248554057059,14.88248554057059,16,2026-09-26
temperature,nwp,168,R32,monsoon,clear,18.867008355586204,18.74586445623955,18.74586445623955,16,2026-09-26
temperature,nwp,168,R33,monsoon,clear,20.8898943380422,20.63020458749948,20.63020458749948,16,2026-09-26
temperature,nwp,168,R00,monsoon,clear,1.0703650504467626,0.9818052625198214,0.9818052625198214,16,2026-09-26
temperature,nwp,168,R01,monsoon,clear,4.294711897342234,3.860979876734099,3.711113342787519,16,2026-09-26
temperature,nwp,168,R02,monsoon,clear,3.460205334255488,3.288607386208368,3.288607386208368,16,2026-09-26
temperature,nwp,168,R03,monsoon,clear,1.3939122307385508,1.1747990645629691,1.1747990645629691,16,2026-09-26
temperature,nwp,168,R10,monsoon,clear,3.818644730513479,3.101711207260333,3.101711207260333,16,2026-09-26
temperature,nwp,168,R11,monsoon,clear,7.9040397403929425,7.794147137300465,7.794147137300465,16,2026-09-26
temperature,nwp,168,R12,monsoon,clear,7.615138929517974,7.34040180441773,7.34040180441773,16,2026-09-26
temperature,nwp,168,R13,monsoon,clear,6.451158829719467,5.462538354190808,5.462538354190808,16,2026-09-26
temperature,nwp,168,R20,monsoon,clear,15.082400828011991,14.480754012747568,14.480754012747568,16,2026-09-26
temperature,nwp,168,R21,monsoon,clear,14.33099804680256,14.159380879343315,14.159380879343315,16,2026-09-26
temperature,nwp,168,R22,monsoon,clear,14.564769981325169,13.995742464418814,13.995742464418814,16,2026-09-26
temperature,nwp,168,R23,monsoon,clear,14.05664069556193,13.1168763720352,13.1168763720352,16,2026-09-26
temperature,nwp,168,R30,monsoon,clear,15.94554977992638,15.473923534084618,15.473923534084618,16,2026-09-26
temperature,nwp,168,R31,monsoon,clear,15.754999585217387,15.444204008000415,15.444204008000415,16,2026-09-26
temperature,nwp,168,R32,monsoon,clear,19.14448750887508,19.033359392582163,19.033359392582163,16,2026-09-26
temperature,nwp,168,R33,monsoon,clear,20.40810670204089,20.074442070017785,20.074442070017785,16,2026-09-26
rainfall,nwp,24,R00,monsoon,clear,0.5558993720541802,0.3428866389276799,0.3428866389276799,16,2026-09-26
rainfall,nwp,24,R01,monsoon,clear,1.982258965377754,1.1229765275390988,1.122668569947576,16,2026-09-26
rainfall,nwp,24,R02,monsoon,clear,2.9266247933639127,2.6472723358947743,2.6472723358947743,16,2026-09-26
rainfall,nwp,24,R03,monsoon,clear,6.869933856289605,5.939600163044665,5.939600163044665,16,2026-09-26
rainfall,nwp,24,R10,monsoon,clear,1.198319024351734,0.6109951975727201,0.6109951975727201,16,2026-09-26
rainfall,nwp,24,R11,monsoon,clear,3.525680965126488,2.437751993624089,2.437751993624089,16,2026-09-26
rainfall,nwp,24,R12,monsoon,clear,24.364260236331912,9.603049805198582,9.603049805198582,16,2026-09-26
rainfall,nwp,24,R13,monsoon,clear,10.637607985761262,7.284274285567172,7.284268010395511,16,2026-09-26
rainfall,nwp,24,R20,monsoon,clear,0.0003052463938611,8.818993737552196e-05,-8.818993737552196e-05,16,2026-09-26
rainfall,nwp,24,R21,monsoon,clear,0.0351334070526362,0.0150782254042966,0.0096775851144255,16,2026-09-26
rainfall,nwp,24,R22,monsoon,clear,1.4375080123240356,0.4214393440458087,0.4206245965834504,16,2026-09-26
rainfall,nwp,24,R23,monsoon,clear,2.5840026018270605,1.7478340317031895,1.7478340317031895,16,2026-09-26
rainfall,nwp,24,R30,monsoon,clear,0.1549888324822701,0.0823779031007098,-0.0815948828672685,16,2026-09-26
rainfall,nwp,24,R31,monsoon,clear,0.5081748722003416,0.3121286527715229,-0.0733892685336288,16,2026-09-26
rainfall,nwp,24,R32,monsoon,clear,0.2331497386917026,0.1248421175520294,0.1231988109573182,16,2026-09-26
rainfall,nwp,24,R33,monsoon,clear,4.502327392637622,2.275899056419457,2.274710124260286,16,2026-09-26
rainfall,nwp,24,R00,monsoon,clear,2.0489285183835366,1.1301399692259493,1.1301399692259493,16,2026-09-26
rainfall,nwp,24,R01,monsoon,clear,1.8187279799932856,0.912700206479628,0.9101533729422194,16,2026-09-26
rainfall,nwp,24,R02,monsoon,clear,3.2194590722402268,2.9894691644931624,2.9894691644931624,16,2026-09-26
rainfall,nwp,24,R03,monsoon,clear,6.057847071352056,4.806190009560988,4.806190009560988,16,2026-09-26
rainfall,nwp,24,R10,monsoon,clear,1.3466049096003931,0.8865535965128396,0.8865535965128396,16,2026-09-26
rainfall,nwp,24,R11,monsoon,clear,9.943023229851544,5.981088073198597,5.981088073198597,16,2026-09-26
rainfall,nwp,24,R12,monsoon,clear,5.439349925098676,4.271950142063988,4.271950142063988,16,2026-09-26
rainfall,nwp,24,R13,monsoon,clear,8.402703248058424,6.153525427216445,6.153467952044185,16,2026-09-26
rainfall,nwp,24,R20,monsoon,clear,0.0003052463938611,8.818993737552196e-05,-8.818993737552196e-05,16,2026-09-26
rainfall,nwp,24,R21,monsoon,clear,0.7733327552206487,0.3164368166475665,0.3086719869239136,16,2026-09-26
rainfall,nwp,24,R22,monsoon,clear,1.8331883046082016,0.7399696961463396,0.7386426086892464,16,2026-09-26
rainfall,nwp,24,R23,monsoon,clear,5.805952616661381,3.3111845526397325,3.31074764755548,16,2026-09-26
rainfall,nwp,24,R30,monsoon,clear,0.178942954985801,0.0925559496150366,-0.0925559496150366,16,2026-09-26
rainfall,nwp,24,R31,monsoon,clear,0.5540230757617322,0.2993904825930628,0.0072187299406776,16,2026-09-26
rainfall,nwp,24,R32,monsoon,clear,0.3025037013113961,0.1666247128106882,0.1659908116524794,16,2026-09-26
rainfall,nwp,24,R33,monsoon,clear,3.477016993572102,2.197950643969879,2.197950643969879,16,2026-09-26
rainfall,ensemble,24,R00,monsoon,clear,0.3694838884814049,0.255751468943997,0.255740925453897,16,2026-09-26
rainfall,ensemble,24,R01,monsoon,clear,1.9137813619013508,1.4125681054813175,1.411108147921807,16,2026-09-26
rainfall,ensemble,24,R02,monsoon,clear,3.565240288882659,3.359573524751699,3.359573524751699,16,2026-09-26
rainfall,ensemble,24,R03,monsoon,clear,6.112343366729893,5.570464982906086,5.570464982906086,16,2026-09-26
rainfall,ensemble,24,R10,monsoon,clear,0.6840861586490219,0.4178148143710881,0.4178148143710881,16,2026-09-26
rainfall,ensemble,24,R11,monsoon,clear,2.803107641377464,1.7608055763174255,1.7608055763174255,16,2026-09-26
rainfall,ensemble,24,R12,monsoon,clear,7.600667262639019,5.701586063234529,5.701586063234529,16,2026-09-26
rainfall,ensemble,24,R13,monsoon,clear,8.309297191011867,6.638001902346661,6.638001902346661,16,2026-09-26
rainfall,ensemble,24,R20,monsoon,clear,0.0003052463938611,8.818993737552196e-05,-8.818993737552196e-05,16,2026-09-26
rainfall,ensemble,24,R21,monsoon,clear,0.1582354027077316,0.0693385264434673,0.0648114965482755,16,2026-09-26
rainfall,ensemble,24,R22,monsoon,clear,1.027402891754231,0.434921353918092,0.434194252574638,16,2026-09-26
rainfall,ensemble,24,R23,monsoon,clear,1.7114530499681169,1.2111989449945684,1.2111989449945684,16,2026-09-26
rainfall,ensemble,24,R30,monsoon,clear,0.1614871443250363,0.0858120086982617,-0.0858120086982617,16,2026-09-26
rainfall,ensemble,24,R31,monsoon,clear,0.3324753068702385,0.2371645508048803,-0.1267485558552578,16,2026-09-26
rainfall,ensemble,24,R32,monsoon,clear,0.4725727642273951,0.37007910342181,0.3694509051807007,16,2026-09-26
rainfall,ensemble,24,R33,monsoon,clear,3.1123630570130483,2.1500072021467003,2.1500072021467003,16,2026-09-26
rainfall,ensemble,24,R00,monsoon,clear,1.770067152903246,0.8055187058756181,0.8055187058756181,16,2026-09-26
rainfall,ensemble,24,R01,monsoon,clear,2.169724940696348,1.0623918666766414,1.0598859363246649,16,2026-09-26
rainfall,ensemble,24,R02,monsoon,clear,4.4315491002987,4.054388403851232,4.054388403851232,16,2026-09-26
rainfall,ensemble,24,R03,monsoon,clear,6.882794221854135,5.621131604667629,5.621131604667629,16,2026-09-26
rainfall,ensemble,24,R10,monsoon,clear,1.2581126931286732,0.9788518524832184,0.9788518524832184,16,2026-09-26
rainfall,ensemble,24,R11,monsoon,clear,6.594568328819518,4.6153055448499,4.6153055448499,16,2026-09-26
rainfall,ensemble,24,R12,monsoon,clear,7.143436822917112,5.749808234308931,5.749808234308931,16,2026-09-26
rainfall,ensemble,24,R13,monsoon,clear,8.460794651724536,6.687874199668424,6.687816724496163,16,2026-09-26
rainfall,ensemble,24,R20,monsoon,clear,0.0003052463938611,8.818993737552196e-05,-8.818993737552196e-05,16,2026-09-26
rainfall,ensemble,24,R21,monsoon,clear,0.7537049881737367,0.3503464693288082,0.3414503813761844,16,2026-09-26
rainfall,ensemble,24,R22,monsoon,clear,1.0869148531380015,0.6851386920060833,0.6851386920060833,16,2026-09-26
rainfall,ensemble,24,R23,monsoon,clear,3.123268228030256,2.139384156704376,2.139384156704376,16,2026-09-26
rainfall,ensemble,24,R30,monsoon,clear,0.1779606366100831,0.0921823791635582,-0.0921823791635582,16,2026-09-26
rainfall,ensemble,24,R31,monsoon,clear,0.7539608914114219,0.4006503473828611,0.0596588510157085,16,2026-09-26
rainfall,ensemble,24,R32,monsoon,clear,0.7100613973054614,0.4601902119158385,0.4595620136747291,16,2026-09-26
rainfall,ensemble,24,R33,monsoon,clear,3.728684890741144,2.749612177536553,2.749612177536553,16,2026-09-26
temperature,ai,168,R00,monsoon,clear,1.21869430662651,1.0348144095882634,-1.0348144095882634,16,2026-09-26
temperature,ai,168,R01,monsoon,clear,2.854060086412596,2.406864012416013,2.406864012416013,16,2026-09-26
temperature,ai,168,R02,monsoon,clear,0.9491474511758172,0.780567010322225,0.5248945360222965,16,2026-09-26
temperature,ai,168,R03,monsoon,clear,0.3729164930713652,0.2675482705198699,0.0667880119250491,16,2026-09-26
temperature,ai,168,R10,monsoon,clear,2.5471857112604464,2.2469059144322308,-1.9470563547895785,16,2026-09-26
temperature,ai,168,R11,monsoon,clear,4.116894920532916,3.985893455787944,3.985893455787944,16,2026-09-26
temperature,ai,168,R12,monsoon,clear,1.8046665847702683,1.5492507576648062,1.5492507576648062,16,2026-09-26
temperature,ai,168,R13,monsoon,clear,0.644327505651005,0.5246542647247935,0.1527950886541935,16,2026-09-26
temperature,ai,168,R20,monsoon,clear,2.5815609877391106,2.142724369504323,-1.4872030112184105,16,2026-09-26
temperature,ai,168,R21,monsoon,clear,3.993336081659436,3.416065824532222,2.9495407820336577,16,2026-09-26
temperature,ai,168,R22,monsoon,clear,4.037430613453783,3.6912782636100814,2.1670026774465247,16,2026-09-26
temperature,ai,168,R23,monsoon,clear,2.058858991402301,1.392461489453731,1.291747423336831,16,2026-09-26
temperature,ai,168,R30,monsoon,clear,1.3793319342023134,1.2081295948002428,-0.8871687658071884,16,2026-09-26
temperature,ai,168,R31,monsoon,clear,2.5323477233608056,1.9106833815084057,-1.758312527377912,16,2026-09-26
temperature,ai,168,R32,monsoon,clear,1.5690527546063358,1.050286616572622,-0.7634688715679575,16,2026-09-26
temperature,ai,168,R33,monsoon,clear,2.619725023595266,1.909200089484736,1.813364431959444,16,2026-09-26
temperature,ai,168,R00,monsoon,clear,1.21869430662651,1.0348144095882634,-1.0348144095882634,16,2026-09-26
temperature,ai,168,R01,monsoon,clear,2.854060086412596,2.406864012416013,2.406864012416013,16,2026-09-26
temperature,ai,168,R02,monsoon,clear,0.9491474511758172,0.780567010322225,0.5248945360222965,16,2026-09-26
temperature,ai,168,R03,monsoon,clear,0.3729164930713652,0.2675482705198699,0.0667880119250491,16,2026-09-26
temperature,ai,168,R10,monsoon,clear,2.5471857112604464,2.2469059144322308,-1.9470563547895785,16,2026-09-26
temperature,ai,168,R11,monsoon,clear,4.116894920532916,3.985893455787944,3.985893455787944,16,2026-09-26
temperature,ai,168,R12,monsoon,clear,1.8046665847702683,1.5492507576648062,1.5492507576648062,16,2026-09-26
temperature,ai,168,R13,monsoon,clear,0.644327505651005,0.5246542647247935,0.1527950886541935,16,2026-09-26
temperature,ai,168,R20,monsoon,clear,2.5815609877391106,2.142724369504323,-1.4872030112184105,16,2026-09-26
temperature,ai,168,R21,monsoon,clear,3.993336081659436,3.416065824532222,2.9495407820336577,16,2026-09-26
temperature,ai,168,R22,monsoon,clear,4.037430613453783,3.6912782636100814,2.1670026774465247,16,2026-09-26
temperature,ai,168,R23,monsoon,clear,2.058858991402301,1.392461489453731,1.291747423336831,16,2026-09-26
temperature,ai,168,R30,monsoon,clear,1.3793319342023134,1.2081295948002428,-0.8871687658071884,16,2026-09-26
temperature,ai,168,R31,monsoon,clear,2.5323477233608056,1.9106833815084057,-1.758312527377912,16,2026-09-26
temperature,ai,168,R32,monsoon,clear,1.5690527546063358,1.050286616572622,-0.7634688715679575,16,2026-09-26
temperature,ai,168,R33,monsoon,clear,2.619725023595266,1.909200089484736,1.813364431959444,16,2026-09-26
temperature,nwp,168,R00,monsoon,clear,1.086819790398577,0.988481996219671,0.988481996219671,16,2026-09-26
temperature,nwp,168,R01,monsoon,clear,3.5951456118684546,3.2133215269237936,3.2133215269237936,16,2026-09-26
temperature,nwp,168,R02,monsoon,clear,3.423579426059216,3.286780355320046,3.286780355320046,16,2026-09-26
temperature,nwp,168,R03,monsoon,clear,1.6112130593135694,1.4430539413473156,1.4430539413473156,16,2026-09-26
temperature,nwp,168,R10,monsoon,clear,3.8430201698044497,3.220920858500929,3.220920858500929,16,2026-09-26
temperature,nwp,168,R11,monsoon,clear,7.100656857608573,6.979420176376541,6.979420176376541,16,2026-09-26
temperature,nwp,168,R12,monsoon,clear,7.327036682212337,7.120338573691284,7.120338573691284,16,2026-09-26
temperature,nwp,168,R13,monsoon,clear,6.039379973498872,5.321414369182842,5.321414369182842,16,2026-09-26
temperature,nwp,168,R20,monsoon,clear,15.737939208610198,14.84907189514413,14.84907189514413,16,2026-09-26
temperature,nwp,168,R21,monsoon,clear,13.511699614715097,13.232678854671544,13.232678854671544,16,2026-09-26
temperature,nwp,168,R22,monsoon,clear,13.820392527551167,13.350681047792827,13.350681047792827,16,2026-09-26
temperature,nwp,168,R23,monsoon,clear,13.792577515954791,12.699597432328892,12.699597432328892,16,2026-09-26
temperature,nwp,168,R30,monsoon,clear,17.870676970836186,17.169735316733146,17.169735316733146,16,2026-09-26
temperature,nwp,168,R31,monsoon,clear,15.212330439076492,14.88248554057059,14.88248554057059,16,2026-09-26
temperature,nwp,168,R32,monsoon,clear,18.867008355586204,18.74586445623955,18.74586445623955,16,2026-09-26
temperature,nwp,168,R33,monsoon,clear,20.8898943380422,20.63020458749948,20.63020458749948,16,2026-09-26
temperature,nwp,168,R00,monsoon,clear,1.0703650504467626,0.9818052625198214,0.9818052625198214,16,2026-09-26
temperature,nwp,168,R01,monsoon,clear,4.294711897342234,3.860979876734099,3.711113342787519,16,2026-09-26
temperature,nwp,168,R02,monsoon,clear,3.460205334255488,3.288607386208368,3.288607386208368,16,2026-09-26
temperature,nwp,168,R03,monsoon,clear,1.3939122307385508,1.1747990645629691,1.1747990645629691,16,2026-09-26
temperature,nwp,168,R10,monsoon,clear,3.818644730513479,3.101711207260333,3.101711207260333,16,2026-09-26
temperature,nwp,168,R11,monsoon,clear,7.9040397403929425,7.794147137300465,7.794147137300465,16,2026-09-26
temperature,nwp,168,R12,monsoon,clear,7.615138929517974,7.34040180441773,7.34040180441773,16,2026-09-26
temperature,nwp,168,R13,monsoon,clear,6.451158829719467,5.462538354190808,5.462538354190808,16,2026-09-26
temperature,nwp,168,R20,monsoon,clear,15.082400828011991,14.480754012747568,14.480754012747568,16,2026-09-26
temperature,nwp,168,R21,monsoon,clear,14.33099804680256,14.159380879343315,14.159380879343315,16,2026-09-26
temperature,nwp,168,R22,monsoon,clear,14.564769981325169,13.995742464418814,13.995742464418814,16,2026-09-26
temperature,nwp,168,R23,monsoon,clear,14.05664069556193,13.1168763720352,13.1168763720352,16,2026-09-26
temperature,nwp,168,R30,monsoon,clear,15.94554977992638,15.473923534084618,15.473923534084618,16,2026-09-26
temperature,nwp,168,R31,monsoon,clear,15.754999585217387,15.444204008000415,15.444204008000415,16,2026-09-26
temperature,nwp,168,R32,monsoon,clear,19.14448750887508,19.033359392582163,19.033359392582163,16,2026-09-26
temperature,nwp,168,R33,monsoon,clear,20.40810670204089,20.074442070017785,20.074442070017785,16,2026-09-26
temperature,ensemble,168,R00,monsoon,clear,1.12633781817557,1.033786569184558,1.033786569184558,16,2026-09-26
temperature,ensemble,168,R01,monsoon,clear,4.123411259399743,3.71122785152232,3.71122785152232,16,2026-09-26
temperature,ensemble,168,R02,monsoon,clear,3.313011284621047,3.171126917458365,3.171126917458365,16,2026-09-26
temperature,ensemble,168,R03,monsoon,clear,1.6849046706171014,1.6032691769279557,1.6032691769279557,16,2026-09-26
temperature,ensemble,168,R10,monsoon,clear,3.878266202425065,3.212679982126494,3.212679982126494,16,2026-09-26
temperature,ensemble,168,R11,monsoon,clear,7.577217816543097,7.478568447725271,7.478568447725271,16,2026-09-26
temperature,ensemble,168,R12,monsoon,clear,7.223097784421739,7.05667849882149,7.05667849882149,16,2026-09-26
temperature,ensemble,168,R13,monsoon,clear,6.212666339876999,5.625875790442957,5.625875790442957,16,2026-09-26
temperature,ensemble,168,R20,monsoon,clear,15.392122605790563,14.606049219453295,14.606049219453295,16,2026-09-26
temperature,ensemble,168,R21,monsoon,clear,14.01658793822264,13.737186012739038,13.737186012739038,16,2026-09-26
temperature,ensemble,168,R22,monsoon,clear,13.581819659073734,13.232219710173474,13.232219710173474,16,2026-09-26
temperature,ensemble,168,R23,monsoon,clear,13.550897562251247,12.658803602305024,12.658803602305024,16,2026-09-26
temperature,ensemble,168,R30,monsoon,clear,16.992215748538094,16.49222101491504,16.49222101491504,16,2026-09-26
temperature,ensemble,168,R31,monsoon,clear,14.72443235438002,14.399208156130484,14.399208156130484,16,2026-09-26
temperature,ensemble,168,R32,monsoon,clear,18.21664430250208,18.13284551047494,18.13284551047494,16,2026-09-26
temperature,ensemble,168,R33,monsoon,clear,21.18220320318791,20.86306284126104,20.86306284126104,16,2026-09-26
temperature,ensemble,168,R00,monsoon,clear,1.1308638731237768,1.062154368543168,1.062154368543168,16,2026-09-26
temperature,ensemble,168,R01,monsoon,clear,4.234342898080679,3.795743379318188,3.795743379318188,16,2026-09-26
temperature,ensemble,168,R02,monsoon,clear,3.3323483272835803,3.196795286327731,3.196795286327731,16,2026-09-26
temperature,ensemble,168,R03,monsoon,clear,1.5761587893358675,1.468829946844985,1.468829946844985,16,2026-09-26
temperature,ensemble,168,R10,monsoon,clear,3.688554090535612,3.064773872281304,3.064773872281304,16,2026-09-26
temperature,ensemble,168,R11,monsoon,clear,7.561499601982576,7.4524297182059716,7.4524297182059716,16,2026-09-26
temperature,ensemble,168,R12,monsoon,clear,7.206223219036682,6.990167471803264,6.990167471803264,16,2026-09-26
temperature,ensemble,168,R13,monsoon,clear,6.384064395493934,5.709424939567678,5.709424939567678,16,2026-09-26
temperature,ensemble,168,R20,monsoon,clear,15.191724350865275,14.488164969236273,14.488164969236273,16,2026-09-26
temperature,ensemble,168,R21,monsoon,clear,13.91477435482732,13.694877934397024,13.694877934397024,16,2026-09-26
temperature,ensemble,168,R22,monsoon,clear,13.65789442229645,13.250475800125724,13.250475800125724,16,2026-09-26
temperature,ensemble,168,R23,monsoon,clear,13.468407993384304,12.663043138166552,12.663043138166552,16,2026-09-26
temperature,ensemble,168,R30,monsoon,clear,15.818830759296562,15.41781548226651,15.41781548226651,16,2026-09-26
temperature,ensemble,168,R31,monsoon,clear,14.821954125880165,14.504846696892912,14.504846696892912,16,2026-09-26
temperature,ensemble,168,R32,monsoon,clear,18.65957083222059,18.56877069041564,18.56877069041564,16,2026-09-26
temperature,ensemble,168,R33,monsoon,clear,21.24790553061502,20.98584024227859,20.98584024227859,16,2026-09-26
rainfall,nwp,24,R00,monsoon,clear,0.5558993720541802,0.3428866389276799,0.3428866389276799,16,2026-09-26
rainfall,nwp,24,R01,monsoon,clear,1.982258965377754,1.1229765275390988,1.122668569947576,16,2026-09-26
rainfall,nwp,24,R02,monsoon,clear,2.9266247933639127,2.6472723358947743,2.6472723358947743,16,2026-09-26
rainfall,nwp,24,R03,monsoon,clear,6.869933856289605,5.939600163044665,5.939600163044665,16,2026-09-26
rainfall,nwp,24,R10,monsoon,clear,1.198319024351734,0.6109951975727201,0.6109951975727201,16,2026-09-26
rainfall,nwp,24,R11,monsoon,clear,3.525680965126488,2.437751993624089,2.437751993624089,16,2026-09-26
rainfall,nwp,24,R12,monsoon,clear,24.364260236331912,9.603049805198582,9.603049805198582,16,2026-09-26
rainfall,nwp,24,R13,monsoon,clear,10.637607985761262,7.284274285567172,7.284268010395511,16,2026-09-26
rainfall,nwp,24,R20,monsoon,clear,0.0003052463938611,8.818993737552196e-05,-8.818993737552196e-05,16,2026-09-26
rainfall,nwp,24,R21,monsoon,clear,0.0351334070526362,0.0150782254042966,0.0096775851144255,16,2026-09-26
rainfall,nwp,24,R22,monsoon,clear,1.4375080123240356,0.4214393440458087,0.4206245965834504,16,2026-09-26
rainfall,nwp,24,R23,monsoon,clear,2.5840026018270605,1.7478340317031895,1.7478340317031895,16,2026-09-26
rainfall,nwp,24,R30,monsoon,clear,0.1549888324822701,0.0823779031007098,-0.0815948828672685,16,2026-09-26
rainfall,nwp,24,R31,monsoon,clear,0.5081748722003416,0.3121286527715229,-0.0733892685336288,16,2026-09-26
rainfall,nwp,24,R32,monsoon,clear,0.2331497386917026,0.1248421175520294,0.1231988109573182,16,2026-09-26
rainfall,nwp,24,R33,monsoon,clear,4.502327392637622,2.275899056419457,2.274710124260286,16,2026-09-26
rainfall,nwp,24,R00,monsoon,clear,2.0489285183835366,1.1301399692259493,1.1301399692259493,16,2026-09-26
rainfall,nwp,24,R01,monsoon,clear,1.8187279799932856,0.912700206479628,0.9101533729422194,16,2026-09-26
rainfall,nwp,24,R02,monsoon,clear,3.2194590722402268,2.9894691644931624,2.9894691644931624,16,2026-09-26
rainfall,nwp,24,R03,monsoon,clear,6.057847071352056,4.806190009560988,4.806190009560988,16,2026-09-26
rainfall,nwp,24,R10,monsoon,clear,1.3466049096003931,0.8865535965128396,0.8865535965128396,16,2026-09-26
rainfall,nwp,24,R11,monsoon,clear,9.943023229851544,5.981088073198597,5.981088073198597,16,2026-09-26
rainfall,nwp,24,R12,monsoon,clear,5.439349925098676,4.271950142063988,4.271950142063988,16,2026-09-26
rainfall,nwp,24,R13,monsoon,clear,8.402703248058424,6.153525427216445,6.153467952044185,16,2026-09-26
rainfall,nwp,24,R20,monsoon,clear,0.0003052463938611,8.818993737552196e-05,-8.818993737552196e-05,16,2026-09-26
rainfall,nwp,24,R21,monsoon,clear,0.7733327552206487,0.3164368166475665,0.3086719869239136,16,2026-09-26
rainfall,nwp,24,R22,monsoon,clear,1.8331883046082016,0.7399696961463396,0.7386426086892464,16,2026-09-26
rainfall,nwp,24,R23,monsoon,clear,5.805952616661381,3.3111845526397325,3.31074764755548,16,2026-09-26
rainfall,nwp,24,R30,monsoon,clear,0.178942954985801,0.0925559496150366,-0.0925559496150366,16,2026-09-26
rainfall,nwp,24,R31,monsoon,clear,0.5540230757617322,0.2993904825930628,0.0072187299406776,16,2026-09-26
rainfall,nwp,24,R32,monsoon,clear,0.3025037013113961,0.1666247128106882,0.1659908116524794,16,2026-09-26
rainfall,nwp,24,R33,monsoon,clear,3.477016993572102,2.197950643969879,2.197950643969879,16,2026-09-26
rainfall,ensemble,24,R00,monsoon,clear,0.3694838884814049,0.255751468943997,0.255740925453897,16,2026-09-26
rainfall,ensemble,24,R01,monsoon,clear,1.9137813619013508,1.4125681054813175,1.411108147921807,16,2026-09-26
rainfall,ensemble,24,R02,monsoon,clear,3.565240288882659,3.359573524751699,3.359573524751699,16,2026-09-26
rainfall,ensemble,24,R03,monsoon,clear,6.112343366729893,5.570464982906086,5.570464982906086,16,2026-09-26
rainfall,ensemble,24,R10,monsoon,clear,0.6840861586490219,0.4178148143710881,0.4178148143710881,16,2026-09-26
rainfall,ensemble,24,R11,monsoon,clear,2.803107641377464,1.7608055763174255,1.7608055763174255,16,2026-09-26
rainfall,ensemble,24,R12,monsoon,clear,7.600667262639019,5.701586063234529,5.701586063234529,16,2026-09-26
rainfall,ensemble,24,R13,monsoon,clear,8.309297191011867,6.638001902346661,6.638001902346661,16,2026-09-26
rainfall,ensemble,24,R20,monsoon,clear,0.0003052463938611,8.818993737552196e-05,-8.818993737552196e-05,16,2026-09-26
rainfall,ensemble,24,R21,monsoon,clear,0.1582354027077316,0.0693385264434673,0.0648114965482755,16,2026-09-26
rainfall,ensemble,24,R22,monsoon,clear,1.027402891754231,0.434921353918092,0.434194252574638,16,2026-09-26
rainfall,ensemble,24,R23,monsoon,clear,1.7114530499681169,1.2111989449945684,1.2111989449945684,16,2026-09-26
rainfall,ensemble,24,R30,monsoon,clear,0.1614871443250363,0.0858120086982617,-0.0858120086982617,16,2026-09-26
rainfall,ensemble,24,R31,monsoon,clear,0.3324753068702385,0.2371645508048803,-0.1267485558552578,16,2026-09-26
rainfall,ensemble,24,R32,monsoon,clear,0.4725727642273951,0.37007910342181,0.3694509051807007,16,2026-09-26
rainfall,ensemble,24,R33,monsoon,clear,3.1123630570130483,2.1500072021467003,2.1500072021467003,16,2026-09-26
rainfall,ensemble,24,R00,monsoon,clear,1.770067152903246,0.8055187058756181,0.8055187058756181,16,2026-09-26
rainfall,ensemble,24,R01,monsoon,clear,2.169724940696348,1.0623918666766414,1.0598859363246649,16,2026-09-26
rainfall,ensemble,24,R02,monsoon,clear,4.4315491002987,4.054388403851232,4.054388403851232,16,2026-09-26
rainfall,ensemble,24,R03,monsoon,clear,6.882794221854135,5.621131604667629,5.621131604667629,16,2026-09-26
rainfall,ensemble,24,R10,monsoon,clear,1.2581126931286732,0.9788518524832184,0.9788518524832184,16,2026-09-26
rainfall,ensemble,24,R11,monsoon,clear,6.594568328819518,4.6153055448499,4.6153055448499,16,2026-09-26
rainfall,ensemble,24,R12,monsoon,clear,7.143436822917112,5.749808234308931,5.749808234308931,16,2026-09-26
rainfall,ensemble,24,R13,monsoon,clear,8.460794651724536,6.687874199668424,6.687816724496163,16,2026-09-26
rainfall,ensemble,24,R20,monsoon,clear,0.0003052463938611,8.818993737552196e-05,-8.818993737552196e-05,16,2026-09-26
rainfall,ensemble,24,R21,monsoon,clear,0.7537049881737367,0.3503464693288082,0.3414503813761844,16,2026-09-26
rainfall,ensemble,24,R22,monsoon,clear,1.0869148531380015,0.6851386920060833,0.6851386920060833,16,2026-09-26
rainfall,ensemble,24,R23,monsoon,clear,3.123268228030256,2.139384156704376,2.139384156704376,16,2026-09-26
rainfall,ensemble,24,R30,monsoon,clear,0.1779606366100831,0.0921823791635582,-0.0921823791635582,16,2026-09-26
rainfall,ensemble,24,R31,monsoon,clear,0.7539608914114219,0.4006503473828611,0.0596588510157085,16,2026-09-26
rainfall,ensemble,24,R32,monsoon,clear,0.7100613973054614,0.4601902119158385,0.4595620136747291,16,2026-09-26
rainfall,ensemble,24,R33,monsoon,clear,3.728684890741144,2.749612177536553,2.749612177536553,16,2026-09-26
rainfall,nwp,24,R00,monsoon,clear,0.5558993720541802,0.3428866389276799,0.3428866389276799,16,2026-09-26
rainfall,nwp,24,R01,monsoon,clear,1.982258965377754,1.1229765275390988,1.122668569947576,16,2026-09-26
rainfall,nwp,24,R02,monsoon,clear,2.9266247933639127,2.6472723358947743,2.6472723358947743,16,2026-09-26
rainfall,nwp,24,R03,monsoon,clear,6.869933856289605,5.939600163044665,5.939600163044665,16,2026-09-26
rainfall,nwp,24,R10,monsoon,clear,1.198319024351734,0.6109951975727201,0.6109951975727201,16,2026-09-26
rainfall,nwp,24,R11,monsoon,clear,3.525680965126488,2.437751993624089,2.437751993624089,16,2026-09-26
rainfall,nwp,24,R12,monsoon,clear,24.364260236331912,9.603049805198582,9.603049805198582,16,2026-09-26
rainfall,nwp,24,R13,monsoon,clear,10.637607985761262,7.284274285567172,7.284268010395511,16,2026-09-26
rainfall,nwp,24,R20,monsoon,clear,0.0003052463938611,8.818993737552196e-05,-8.818993737552196e-05,16,2026-09-26
rainfall,nwp,24,R21,monsoon,clear,0.0351334070526362,0.0150782254042966,0.0096775851144255,16,2026-09-26
rainfall,nwp,24,R22,monsoon,clear,1.4375080123240356,0.4214393440458087,0.4206245965834504,16,2026-09-26
rainfall,nwp,24,R23,monsoon,clear,2.5840026018270605,1.7478340317031895,1.7478340317031895,16,2026-09-26
rainfall,nwp,24,R30,monsoon,clear,0.1549888324822701,0.0823779031007098,-0.0815948828672685,16,2026-09-26
rainfall,nwp,24,R31,monsoon,clear,0.5081748722003416,0.3121286527715229,-0.0733892685336288,16,2026-09-26
rainfall,nwp,24,R32,monsoon,clear,0.2331497386917026,0.1248421175520294,0.1231988109573182,16,2026-09-26
rainfall,nwp,24,R33,monsoon,clear,4.502327392637622,2.275899056419457,2.274710124260286,16,2026-09-26
rainfall,nwp,24,R00,monsoon,clear,2.0489285183835366,1.1301399692259493,1.1301399692259493,16,2026-09-26
rainfall,nwp,24,R01,monsoon,clear,1.8187279799932856,0.912700206479628,0.9101533729422194,16,2026-09-26
rainfall,nwp,24,R02,monsoon,clear,3.2194590722402268,2.9894691644931624,2.9894691644931624,16,2026-09-26
rainfall,nwp,24,R03,monsoon,clear,6.057847071352056,4.806190009560988,4.806190009560988,16,2026-09-26
rainfall,nwp,24,R10,monsoon,clear,1.3466049096003931,0.8865535965128396,0.8865535965128396,16,2026-09-26
rainfall,nwp,24,R11,monsoon,clear,9.943023229851544,5.981088073198597,5.981088073198597,16,2026-09-26
rainfall,nwp,24,R12,monsoon,clear,5.439349925098676,4.271950142063988,4.271950142063988,16,2026-09-26
rainfall,nwp,24,R13,monsoon,clear,8.402703248058424,6.153525427216445,6.153467952044185,16,2026-09-26
rainfall,nwp,24,R20,monsoon,clear,0.0003052463938611,8.818993737552196e-05,-8.818993737552196e-05,16,2026-09-26
rainfall,nwp,24,R21,monsoon,clear,0.7733327552206487,0.3164368166475665,0.3086719869239136,16,2026-09-26
rainfall,nwp,24,R22,monsoon,clear,1.8331883046082016,0.7399696961463396,0.7386426086892464,16,2026-09-26
rainfall,nwp,24,R23,monsoon,clear,5.805952616661381,3.3111845526397325,3.31074764755548,16,2026-09-26
rainfall,nwp,24,R30,monsoon,clear,0.178942954985801,0.0925559496150366,-0.0925559496150366,16,2026-09-26
rainfall,nwp,24,R31,monsoon,clear,0.5540230757617322,0.2993904825930628,0.0072187299406776,16,2026-09-26
rainfall,nwp,24,R32,monsoon,clear,0.3025037013113961,0.1666247128106882,0.1659908116524794,16,2026-09-26
rainfall,nwp,24,R33,monsoon,clear,3.477016993572102,2.197950643969879,2.197950643969879,16,2026-09-26
rainfall,ensemble,24,R00,monsoon,clear,0.3694838884814049,0.255751468943997,0.255740925453897,16,2026-09-26
rainfall,ensemble,24,R01,monsoon,clear,1.9137813619013508,1.4125681054813175,1.411108147921807,16,2026-09-26
rainfall,ensemble,24,R02,monsoon,clear,3.565240288882659,3.359573524751699,3.359573524751699,16,2026-09-26
rainfall,ensemble,24,R03,monsoon,clear,6.112343366729893,5.570464982906086,5.570464982906086,16,2026-09-26
rainfall,ensemble,24,R10,monsoon,clear,0.6840861586490219,0.4178148143710881,0.4178148143710881,16,2026-09-26
rainfall,ensemble,24,R11,monsoon,clear,2.803107641377464,1.7608055763174255,1.7608055763174255,16,2026-09-26
rainfall,ensemble,24,R12,monsoon,clear,7.600667262639019,5.701586063234529,5.701586063234529,16,2026-09-26
rainfall,ensemble,24,R13,monsoon,clear,8.309297191011867,6.638001902346661,6.638001902346661,16,2026-09-26
rainfall,ensemble,24,R20,monsoon,clear,0.0003052463938611,8.818993737552196e-05,-8.818993737552196e-05,16,2026-09-26
rainfall,ensemble,24,R21,monsoon,clear,0.1582354027077316,0.0693385264434673,0.0648114965482755,16,2026-09-26
rainfall,ensemble,24,R22,monsoon,clear,1.027402891754231,0.434921353918092,0.434194252574638,16,2026-09-26
rainfall,ensemble,24,R23,monsoon,clear,1.7114530499681169,1.2111989449945684,1.2111989449945684,16,2026-09-26
rainfall,ensemble,24,R30,monsoon,clear,0.1614871443250363,0.0858120086982617,-0.0858120086982617,16,2026-09-26
rainfall,ensemble,24,R31,monsoon,clear,0.3324753068702385,0.2371645508048803,-0.1267485558552578,16,2026-09-26
rainfall,ensemble,24,R32,monsoon,clear,0.4725727642273951,0.37007910342181,0.3694509051807007,16,2026-09-26
rainfall,ensemble,24,R33,monsoon,clear,3.1123630570130483,2.1500072021467003,2.1500072021467003,16,2026-09-26
rainfall,ensemble,24,R00,monsoon,clear,1.770067152903246,0.8055187058756181,0.8055187058756181,16,2026-09-26
rainfall,ensemble,24,R01,monsoon,clear,2.169724940696348,1.0623918666766414,1.0598859363246649,16,2026-09-26
rainfall,ensemble,24,R02,monsoon,clear,4.4315491002987,4.054388403851232,4.054388403851232,16,2026-09-26
rainfall,ensemble,24,R03,monsoon,clear,6.882794221854135,5.621131604667629,5.621131604667629,16,2026-09-26
rainfall,ensemble,24,R10,monsoon,clear,1.2581126931286732,0.9788518524832184,0.9788518524832184,16,2026-09-26
rainfall,ensemble,24,R11,monsoon,clear,6.594568328819518,4.6153055448499,4.6153055448499,16,2026-09-26
rainfall,ensemble,24,R12,monsoon,clear,7.143436822917112,5.749808234308931,5.749808234308931,16,2026-09-26
rainfall,ensemble,24,R13,monsoon,clear,8.460794651724536,6.687874199668424,6.687816724496163,16,2026-09-26
rainfall,ensemble,24,R20,monsoon,clear,0.0003052463938611,8.818993737552196e-05,-8.818993737552196e-05,16,2026-09-26
rainfall,ensemble,24,R21,monsoon,clear,0.7537049881737367,0.3503464693288082,0.3414503813761844,16,2026-09-26
rainfall,ensemble,24,R22,monsoon,clear,1.0869148531380015,0.6851386920060833,0.6851386920060833,16,2026-09-26
rainfall,ensemble,24,R23,monsoon,clear,3.123268228030256,2.139384156704376,2.139384156704376,16,2026-09-26
rainfall,ensemble,24,R30,monsoon,clear,0.1779606366100831,0.0921823791635582,-0.0921823791635582,16,2026-09-26
rainfall,ensemble,24,R31,monsoon,clear,0.7539608914114219,0.4006503473828611,0.0596588510157085,16,2026-09-26
rainfall,ensemble,24,R32,monsoon,clear,0.7100613973054614,0.4601902119158385,0.4595620136747291,16,2026-09-26
rainfall,ensemble,24,R33,monsoon,clear,3.728684890741144,2.749612177536553,2.749612177536553,16,2026-09-26
rainfall,nwp,24,R00,monsoon,clear,0.5558993720541802,0.3428866389276799,0.3428866389276799,16,2026-09-26
rainfall,nwp,24,R01,monsoon,clear,1.982258965377754,1.1229765275390988,1.122668569947576,16,2026-09-26
rainfall,nwp,24,R02,monsoon,clear,2.9266247933639127,2.6472723358947743,2.6472723358947743,16,2026-09-26
rainfall,nwp,24,R03,monsoon,clear,6.869933856289605,5.939600163044665,5.939600163044665,16,2026-09-26
rainfall,nwp,24,R10,monsoon,clear,1.198319024351734,0.6109951975727201,0.6109951975727201,16,2026-09-26
rainfall,nwp,24,R11,monsoon,clear,3.525680965126488,2.437751993624089,2.437751993624089,16,2026-09-26
rainfall,nwp,24,R12,monsoon,clear,24.364260236331912,9.603049805198582,9.603049805198582,16,2026-09-26
rainfall,nwp,24,R13,monsoon,clear,10.637607985761262,7.284274285567172,7.284268010395511,16,2026-09-26
rainfall,nwp,24,R20,monsoon,clear,0.0003052463938611,8.818993737552196e-05,-8.818993737552196e-05,16,2026-09-26
rainfall,nwp,24,R21,monsoon,clear,0.0351334070526362,0.0150782254042966,0.0096775851144255,16,2026-09-26
rainfall,nwp,24,R22,monsoon,clear,1.4375080123240356,0.4214393440458087,0.4206245965834504,16,2026-09-26
rainfall,nwp,24,R23,monsoon,clear,2.5840026018270605,1.7478340317031895,1.7478340317031895,16,2026-09-26
rainfall,nwp,24,R30,monsoon,clear,0.1549888324822701,0.0823779031007098,-0.0815948828672685,16,2026-09-26
rainfall,nwp,24,R31,monsoon,clear,0.5081748722003416,0.3121286527715229,-0.0733892685336288,16,2026-09-26
rainfall,nwp,24,R32,monsoon,clear,0.2331497386917026,0.1248421175520294,0.1231988109573182,16,2026-09-26
rainfall,nwp,24,R33,monsoon,clear,4.502327392637622,2.275899056419457,2.274710124260286,16,2026-09-26
rainfall,nwp,24,R00,monsoon,clear,2.0489285183835366,1.1301399692259493,1.1301399692259493,16,2026-09-26
rainfall,nwp,24,R01,monsoon,clear,1.8187279799932856,0.912700206479628,0.9101533729422194,16,2026-09-26
rainfall,nwp,24,R02,monsoon,clear,3.2194590722402268,2.9894691644931624,2.9894691644931624,16,2026-09-26
rainfall,nwp,24,R03,monsoon,clear,6.057847071352056,4.806190009560988,4.806190009560988,16,2026-09-26
rainfall,nwp,24,R10,monsoon,clear,1.3466049096003931,0.8865535965128396,0.8865535965128396,16,2026-09-26
rainfall,nwp,24,R11,monsoon,clear,9.943023229851544,5.981088073198597,5.981088073198597,16,2026-09-26
rainfall,nwp,24,R12,monsoon,clear,5.439349925098676,4.271950142063988,4.271950142063988,16,2026-09-26
rainfall,nwp,24,R13,monsoon,clear,8.402703248058424,6.153525427216445,6.153467952044185,16,2026-09-26
rainfall,nwp,24,R20,monsoon,clear,0.0003052463938611,8.818993737552196e-05,-8.818993737552196e-05,16,2026-09-26
rainfall,nwp,24,R21,monsoon,clear,0.7733327552206487,0.3164368166475665,0.3086719869239136,16,2026-09-26
rainfall,nwp,24,R22,monsoon,clear,1.8331883046082016,0.7399696961463396,0.7386426086892464,16,2026-09-26
rainfall,nwp,24,R23,monsoon,clear,5.805952616661381,3.3111845526397325,3.31074764755548,16,2026-09-26
rainfall,nwp,24,R30,monsoon,clear,0.178942954985801,0.0925559496150366,-0.0925559496150366,16,2026-09-26
rainfall,nwp,24,R31,monsoon,clear,0.5540230757617322,0.2993904825930628,0.0072187299406776,16,2026-09-26
rainfall,nwp,24,R32,monsoon,clear,0.3025037013113961,0.1666247128106882,0.1659908116524794,16,2026-09-26
rainfall,nwp,24,R33,monsoon,clear,3.477016993572102,2.197950643969879,2.197950643969879,16,2026-09-26
rainfall,ensemble,24,R00,monsoon,clear,0.3694838884814049,0.255751468943997,0.255740925453897,16,2026-09-26
rainfall,ensemble,24,R01,monsoon,clear,1.9137813619013508,1.4125681054813175,1.411108147921807,16,2026-09-26
rainfall,ensemble,24,R02,monsoon,clear,3.565240288882659,3.359573524751699,3.359573524751699,16,2026-09-26
rainfall,ensemble,24,R03,monsoon,clear,6.112343366729893,5.570464982906086,5.570464982906086,16,2026-09-26
rainfall,ensemble,24,R10,monsoon,clear,0.6840861586490219,0.4178148143710881,0.4178148143710881,16,2026-09-26
rainfall,ensemble,24,R11,monsoon,clear,2.803107641377464,1.7608055763174255,1.7608055763174255,16,2026-09-26
rainfall,ensemble,24,R12,monsoon,clear,7.600667262639019,5.701586063234529,5.701586063234529,16,2026-09-26
rainfall,ensemble,24,R13,monsoon,clear,8.309297191011867,6.638001902346661,6.638001902346661,16,2026-09-26
rainfall,ensemble,24,R20,monsoon,clear,0.0003052463938611,8.818993737552196e-05,-8.818993737552196e-05,16,2026-09-26
rainfall,ensemble,24,R21,monsoon,clear,0.1582354027077316,0.0693385264434673,0.0648114965482755,16,2026-09-26
rainfall,ensemble,24,R22,monsoon,clear,1.027402891754231,0.434921353918092,0.434194252574638,16,2026-09-26
rainfall,ensemble,24,R23,monsoon,clear,1.7114530499681169,1.2111989449945684,1.2111989449945684,16,2026-09-26
rainfall,ensemble,24,R30,monsoon,clear,0.1614871443250363,0.0858120086982617,-0.0858120086982617,16,2026-09-26
rainfall,ensemble,24,R31,monsoon,clear,0.3324753068702385,0.2371645508048803,-0.1267485558552578,16,2026-09-26
rainfall,ensemble,24,R32,monsoon,clear,0.4725727642273951,0.37007910342181,0.3694509051807007,16,2026-09-26
rainfall,ensemble,24,R33,monsoon,clear,3.1123630570130483,2.1500072021467003,2.1500072021467003,16,2026-09-26
rainfall,ensemble,24,R00,monsoon,clear,1.770067152903246,0.8055187058756181,0.8055187058756181,16,2026-09-26
rainfall,ensemble,24,R01,monsoon,clear,2.169724940696348,1.0623918666766414,1.0598859363246649,16,2026-09-26
rainfall,ensemble,24,R02,monsoon,clear,4.4315491002987,4.054388403851232,4.054388403851232,16,2026-09-26
rainfall,ensemble,24,R03,monsoon,clear,6.882794221854135,5.621131604667629,5.621131604667629,16,2026-09-26
rainfall,ensemble,24,R10,monsoon,clear,1.2581126931286732,0.9788518524832184,0.9788518524832184,16,2026-09-26
rainfall,ensemble,24,R11,monsoon,clear,6.594568328819518,4.6153055448499,4.6153055448499,16,2026-09-26
rainfall,ensemble,24,R12,monsoon,clear,7.143436822917112,5.749808234308931,5.749808234308931,16,2026-09-26
rainfall,ensemble,24,R13,monsoon,clear,8.460794651724536,6.687874199668424,6.687816724496163,16,2026-09-26
rainfall,ensemble,24,R20,monsoon,clear,0.0003052463938611,8.818993737552196e-05,-8.818993737552196e-05,16,2026-09-26
rainfall,ensemble,24,R21,monsoon,clear,0.7537049881737367,0.3503464693288082,0.3414503813761844,16,2026-09-26
rainfall,ensemble,24,R22,monsoon,clear,1.0869148531380015,0.6851386920060833,0.6851386920060833,16,2026-09-26
rainfall,ensemble,24,R23,monsoon,clear,3.123268228030256,2.139384156704376,2.139384156704376,16,2026-09-26
rainfall,ensemble,24,R30,monsoon,clear,0.1779606366100831,0.0921823791635582,-0.0921823791635582,16,2026-09-26
rainfall,ensemble,24,R31,monsoon,clear,0.7539608914114219,0.4006503473828611,0.0596588510157085,16,2026-09-26
rainfall,ensemble,24,R32,monsoon,clear,0.7100613973054614,0.4601902119158385,0.4595620136747291,16,2026-09-26
rainfall,ensemble,24,R33,monsoon,clear,3.728684890741144,2.749612177536553,2.749612177536553,16,2026-09-26
rainfall,nwp,24,R00,monsoon,clear,0.5558993720541802,0.3428866389276799,0.3428866389276799,16,2026-09-26
rainfall,nwp,24,R01,monsoon,clear,1.982258965377754,1.1229765275390988,1.122668569947576,16,2026-09-26
rainfall,nwp,24,R02,monsoon,clear,2.9266247933639127,2.6472723358947743,2.6472723358947743,16,2026-09-26
rainfall,nwp,24,R03,monsoon,clear,6.869933856289605,5.939600163044665,5.939600163044665,16,2026-09-26
rainfall,nwp,24,R10,monsoon,clear,1.198319024351734,0.6109951975727201,0.6109951975727201,16,2026-09-26
rainfall,nwp,24,R11,monsoon,clear,3.525680965126488,2.437751993624089,2.437751993624089,16,2026-09-26
rainfall,nwp,24,R12,monsoon,clear,24.364260236331912,9.603049805198582,9.603049805198582,16,2026-09-26
rainfall,nwp,24,R13,monsoon,clear,10.637607985761262,7.284274285567172,7.284268010395511,16,2026-09-26
rainfall,nwp,24,R20,monsoon,clear,0.0003052463938611,8.818993737552196e-05,-8.818993737552196e-05,16,2026-09-26
rainfall,nwp,24,R21,monsoon,clear,0.0351334070526362,0.0150782254042966,0.0096775851144255,16,2026-09-26
rainfall,nwp,24,R22,monsoon,clear,1.4375080123240356,0.4214393440458087,0.4206245965834504,16,2026-09-26
rainfall,nwp,24,R23,monsoon,clear,2.5840026018270605,1.7478340317031895,1.7478340317031895,16,2026-09-26
rainfall,nwp,24,R30,monsoon,clear,0.1549888324822701,0.0823779031007098,-0.0815948828672685,16,2026-09-26
rainfall,nwp,24,R31,monsoon,clear,0.5081748722003416,0.3121286527715229,-0.0733892685336288,16,2026-09-26
rainfall,nwp,24,R32,monsoon,clear,0.2331497386917026,0.1248421175520294,0.1231988109573182,16,2026-09-26
rainfall,nwp,24,R33,monsoon,clear,4.502327392637622,2.275899056419457,2.274710124260286,16,2026-09-26
rainfall,nwp,24,R00,monsoon,clear,2.0489285183835366,1.1301399692259493,1.1301399692259493,16,2026-09-26
rainfall,nwp,24,R01,monsoon,clear,1.8187279799932856,0.912700206479628,0.9101533729422194,16,2026-09-26
rainfall,nwp,24,R02,monsoon,clear,3.2194590722402268,2.9894691644931624,2.9894691644931624,16,2026-09-26
rainfall,nwp,24,R03,monsoon,clear,6.057847071352056,4.806190009560988,4.806190009560988,16,2026-09-26
rainfall,nwp,24,R10,monsoon,clear,1.3466049096003931,0.8865535965128396,0.8865535965128396,16,2026-09-26
rainfall,nwp,24,R11,monsoon,clear,9.943023229851544,5.981088073198597,5.981088073198597,16,2026-09-26
rainfall,nwp,24,R12,monsoon,clear,5.439349925098676,4.271950142063988,4.271950142063988,16,2026-09-26
rainfall,nwp,24,R13,monsoon,clear,8.402703248058424,6.153525427216445,6.153467952044185,16,2026-09-26
rainfall,nwp,24,R20,monsoon,clear,0.0003052463938611,8.818993737552196e-05,-8.818993737552196e-05,16,2026-09-26
rainfall,nwp,24,R21,monsoon,clear,0.7733327552206487,0.3164368166475665,0.3086719869239136,16,2026-09-26
rainfall,nwp,24,R22,monsoon,clear,1.8331883046082016,0.7399696961463396,0.7386426086892464,16,2026-09-26
rainfall,nwp,24,R23,monsoon,clear,5.805952616661381,3.3111845526397325,3.31074764755548,16,2026-09-26
rainfall,nwp,24,R30,monsoon,clear,0.178942954985801,0.0925559496150366,-0.0925559496150366,16,2026-09-26
rainfall,nwp,24,R31,monsoon,clear,0.5540230757617322,0.2993904825930628,0.0072187299406776,16,2026-09-26
rainfall,nwp,24,R32,monsoon,clear,0.3025037013113961,0.1666247128106882,0.1659908116524794,16,2026-09-26
rainfall,nwp,24,R33,monsoon,clear,3.477016993572102,2.197950643969879,2.197950643969879,16,2026-09-26
rainfall,ensemble,24,R00,monsoon,clear,0.3694838884814049,0.255751468943997,0.255740925453897,16,2026-09-26
rainfall,ensemble,24,R01,monsoon,clear,1.9137813619013508,1.4125681054813175,1.411108147921807,16,2026-09-26
rainfall,ensemble,24,R02,monsoon,clear,3.565240288882659,3.359573524751699,3.359573524751699,16,2026-09-26
rainfall,ensemble,24,R03,monsoon,clear,6.112343366729893,5.570464982906086,5.570464982906086,16,2026-09-26
rainfall,ensemble,24,R10,monsoon,clear,0.6840861586490219,0.4178148143710881,0.4178148143710881,16,2026-09-26
rainfall,ensemble,24,R11,monsoon,clear,2.803107641377464,1.7608055763174255,1.7608055763174255,16,2026-09-26
rainfall,ensemble,24,R12,monsoon,clear,7.600667262639019,5.701586063234529,5.701586063234529,16,2026-09-26
rainfall,ensemble,24,R13,monsoon,clear,8.309297191011867,6.638001902346661,6.638001902346661,16,2026-09-26
rainfall,ensemble,24,R20,monsoon,clear,0.0003052463938611,8.818993737552196e-05,-8.818993737552196e-05,16,2026-09-26
rainfall,ensemble,24,R21,monsoon,clear,0.1582354027077316,0.0693385264434673,0.0648114965482755,16,2026-09-26
rainfall,ensemble,24,R22,monsoon,clear,1.027402891754231,0.434921353918092,0.434194252574638,16,2026-09-26
rainfall,ensemble,24,R23,monsoon,clear,1.7114530499681169,1.2111989449945684,1.2111989449945684,16,2026-09-26
rainfall,ensemble,24,R30,monsoon,clear,0.1614871443250363,0.0858120086982617,-0.0858120086982617,16,2026-09-26
rainfall,ensemble,24,R31,monsoon,clear,0.3324753068702385,0.2371645508048803,-0.1267485558552578,16,2026-09-26
rainfall,ensemble,24,R32,monsoon,clear,0.4725727642273951,0.37007910342181,0.3694509051807007,16,2026-09-26
rainfall,ensemble,24,R33,monsoon,clear,3.1123630570130483,2.1500072021467003,2.1500072021467003,16,2026-09-26
rainfall,ensemble,24,R00,monsoon,clear,1.770067152903246,0.8055187058756181,0.8055187058756181,16,2026-09-26
rainfall,ensemble,24,R01,monsoon,clear,2.169724940696348,1.0623918666766414,1.0598859363246649,16,2026-09-26
rainfall,ensemble,24,R02,monsoon,clear,4.4315491002987,4.054388403851232,4.054388403851232,16,2026-09-26
rainfall,ensemble,24,R03,monsoon,clear,6.882794221854135,5.621131604667629,5.621131604667629,16,2026-09-26
rainfall,ensemble,24,R10,monsoon,clear,1.2581126931286732,0.9788518524832184,0.9788518524832184,16,2026-09-26
rainfall,ensemble,24,R11,monsoon,clear,6.594568328819518,4.6153055448499,4.6153055448499,16,2026-09-26
rainfall,ensemble,24,R12,monsoon,clear,7.143436822917112,5.749808234308931,5.749808234308931,16,2026-09-26
rainfall,ensemble,24,R13,monsoon,clear,8.460794651724536,6.687874199668424,6.687816724496163,16,2026-09-26
rainfall,ensemble,24,R20,monsoon,clear,0.0003052463938611,8.818993737552196e-05,-8.818993737552196e-05,16,2026-09-26
rainfall,ensemble,24,R21,monsoon,clear,0.7537049881737367,0.3503464693288082,0.3414503813761844,16,2026-09-26
rainfall,ensemble,24,R22,monsoon,clear,1.0869148531380015,0.6851386920060833,0.6851386920060833,16,2026-09-26
rainfall,ensemble,24,R23,monsoon,clear,3.123268228030256,2.139384156704376,2.139384156704376,16,2026-09-26
rainfall,ensemble,24,R30,monsoon,clear,0.1779606366100831,0.0921823791635582,-0.0921823791635582,16,2026-09-26
rainfall,ensemble,24,R31,monsoon,clear,0.7539608914114219,0.4006503473828611,0.0596588510157085,16,2026-09-26
rainfall,ensemble,24,R32,monsoon,clear,0.7100613973054614,0.4601902119158385,0.4595620136747291,16,2026-09-26
rainfall,ensemble,24,R33,monsoon,clear,3.728684890741144,2.749612177536553,2.749612177536553,16,2026-09-26
rainfall,ensemble,24,R00,monsoon,clear,0.3694838884814049,0.255751468943997,0.255740925453897,16,2026-09-26
rainfall,ensemble,24,R01,monsoon,clear,1.9137813619013508,1.4125681054813175,1.411108147921807,16,2026-09-26
rainfall,ensemble,24,R02,monsoon,clear,3.565240288882659,3.359573524751699,3.359573524751699,16,2026-09-26
rainfall,ensemble,24,R03,monsoon,clear,6.112343366729893,5.570464982906086,5.570464982906086,16,2026-09-26
rainfall,ensemble,24,R10,monsoon,clear,0.6840861586490219,0.4178148143710881,0.4178148143710881,16,2026-09-26
rainfall,ensemble,24,R11,monsoon,clear,2.803107641377464,1.7608055763174255,1.7608055763174255,16,2026-09-26
rainfall,ensemble,24,R12,monsoon,clear,7.600667262639019,5.701586063234529,5.701586063234529,16,2026-09-26
rainfall,ensemble,24,R13,monsoon,clear,8.309297191011867,6.638001902346661,6.638001902346661,16,2026-09-26
rainfall,ensemble,24,R20,monsoon,clear,0.0003052463938611,8.818993737552196e-05,-8.818993737552196e-05,16,2026-09-26
rainfall,ensemble,24,R21,monsoon,clear,0.1582354027077316,0.0693385264434673,0.0648114965482755,16,2026-09-26
rainfall,ensemble,24,R22,monsoon,clear,1.027402891754231,0.434921353918092,0.434194252574638,16,2026-09-26
rainfall,ensemble,24,R23,monsoon,clear,1.7114530499681169,1.2111989449945684,1.2111989449945684,16,2026-09-26
rainfall,ensemble,24,R30,monsoon,clear,0.1614871443250363,0.0858120086982617,-0.0858120086982617,16,2026-09-26
rainfall,ensemble,24,R31,monsoon,clear,0.3324753068702385,0.2371645508048803,-0.1267485558552578,16,2026-09-26
rainfall,ensemble,24,R32,monsoon,clear,0.4725727642273951,0.37007910342181,0.3694509051807007,16,2026-09-26
rainfall,ensemble,24,R33,monsoon,clear,3.1123630570130483,2.1500072021467003,2.1500072021467003,16,2026-09-26
rainfall,ensemble,24,R00,monsoon,clear,1.770067152903246,0.8055187058756181,0.8055187058756181,16,2026-09-26
rainfall,ensemble,24,R01,monsoon,clear,2.169724940696348,1.0623918666766414,1.0598859363246649,16,2026-09-26
rainfall,ensemble,24,R02,monsoon,clear,4.4315491002987,4.054388403851232,4.054388403851232,16,2026-09-26
rainfall,ensemble,24,R03,monsoon,clear,6.882794221854135,5.621131604667629,5.621131604667629,16,2026-09-26
rainfall,ensemble,24,R10,monsoon,clear,1.2581126931286732,0.9788518524832184,0.9788518524832184,16,2026-09-26
rainfall,ensemble,24,R11,monsoon,clear,6.594568328819518,4.6153055448499,4.6153055448499,16,2026-09-26
rainfall,ensemble,24,R12,monsoon,clear,7.143436822917112,5.749808234308931,5.749808234308931,16,2026-09-26
rainfall,ensemble,24,R13,monsoon,clear,8.460794651724536,6.687874199668424,6.687816724496163,16,2026-09-26
rainfall,ensemble,24,R20,monsoon,clear,0.0003052463938611,8.818993737552196e-05,-8.818993737552196e-05,16,2026-09-26
rainfall,ensemble,24,R21,monsoon,clear,0.7537049881737367,0.3503464693288082,0.3414503813761844,16,2026-09-26
rainfall,ensemble,24,R22,monsoon,clear,1.0869148531380015,0.6851386920060833,0.6851386920060833,16,2026-09-26
rainfall,ensemble,24,R23,monsoon,clear,3.123268228030256,2.139384156704376,2.139384156704376,16,2026-09-26
rainfall,ensemble,24,R30,monsoon,clear,0.1779606366100831,0.0921823791635582,-0.0921823791635582,16,2026-09-26
rainfall,ensemble,24,R31,monsoon,clear,0.7539608914114219,0.4006503473828611,0.0596588510157085,16,2026-09-26
rainfall,ensemble,24,R32,monsoon,clear,0.7100613973054614,0.4601902119158385,0.4595620136747291,16,2026-09-26
rainfall,ensemble,24,R33,monsoon,clear,3.728684890741144,2.749612177536553,2.749612177536553,16,2026-09-26
rainfall,nwp,24,R00,monsoon,clear,0.5558993720541802,0.3428866389276799,0.3428866389276799,16,2026-09-26
rainfall,nwp,24,R01,monsoon,clear,1.982258965377754,1.1229765275390988,1.122668569947576,16,2026-09-26
rainfall,nwp,24,R02,monsoon,clear,2.9266247933639127,2.6472723358947743,2.6472723358947743,16,2026-09-26
rainfall,nwp,24,R03,monsoon,clear,6.869933856289605,5.939600163044665,5.939600163044665,16,2026-09-26
rainfall,nwp,24,R10,monsoon,clear,1.198319024351734,0.6109951975727201,0.6109951975727201,16,2026-09-26
rainfall,nwp,24,R11,monsoon,clear,3.525680965126488,2.437751993624089,2.437751993624089,16,2026-09-26
rainfall,nwp,24,R12,monsoon,clear,24.364260236331912,9.603049805198582,9.603049805198582,16,2026-09-26
rainfall,nwp,24,R13,monsoon,clear,10.637607985761262,7.284274285567172,7.284268010395511,16,2026-09-26
rainfall,nwp,24,R20,monsoon,clear,0.0003052463938611,8.818993737552196e-05,-8.818993737552196e-05,16,2026-09-26
rainfall,nwp,24,R21,monsoon,clear,0.0351334070526362,0.0150782254042966,0.0096775851144255,16,2026-09-26
rainfall,nwp,24,R22,monsoon,clear,1.4375080123240356,0.4214393440458087,0.4206245965834504,16,2026-09-26
rainfall,nwp,24,R23,monsoon,clear,2.5840026018270605,1.7478340317031895,1.7478340317031895,16,2026-09-26
rainfall,nwp,24,R30,monsoon,clear,0.1549888324822701,0.0823779031007098,-0.0815948828672685,16,2026-09-26
rainfall,nwp,24,R31,monsoon,clear,0.5081748722003416,0.3121286527715229,-0.0733892685336288,16,2026-09-26
rainfall,nwp,24,R32,monsoon,clear,0.2331497386917026,0.1248421175520294,0.1231988109573182,16,2026-09-26
rainfall,nwp,24,R33,monsoon,clear,4.502327392637622,2.275899056419457,2.274710124260286,16,2026-09-26
rainfall,nwp,24,R00,monsoon,clear,2.0489285183835366,1.1301399692259493,1.1301399692259493,16,2026-09-26
rainfall,nwp,24,R01,monsoon,clear,1.8187279799932856,0.912700206479628,0.9101533729422194,16,2026-09-26
rainfall,nwp,24,R02,monsoon,clear,3.2194590722402268,2.9894691644931624,2.9894691644931624,16,2026-09-26
rainfall,nwp,24,R03,monsoon,clear,6.057847071352056,4.806190009560988,4.806190009560988,16,2026-09-26
rainfall,nwp,24,R10,monsoon,clear,1.3466049096003931,0.8865535965128396,0.8865535965128396,16,2026-09-26
rainfall,nwp,24,R11,monsoon,clear,9.943023229851544,5.981088073198597,5.981088073198597,16,2026-09-26
rainfall,nwp,24,R12,monsoon,clear,5.439349925098676,4.271950142063988,4.271950142063988,16,2026-09-26
rainfall,nwp,24,R13,monsoon,clear,8.402703248058424,6.153525427216445,6.153467952044185,16,2026-09-26
rainfall,nwp,24,R20,monsoon,clear,0.0003052463938611,8.818993737552196e-05,-8.818993737552196e-05,16,2026-09-26
rainfall,nwp,24,R21,monsoon,clear,0.7733327552206487,0.3164368166475665,0.3086719869239136,16,2026-09-26
rainfall,nwp,24,R22,monsoon,clear,1.8331883046082016,0.7399696961463396,0.7386426086892464,16,2026-09-26
rainfall,nwp,24,R23,monsoon,clear,5.805952616661381,3.3111845526397325,3.31074764755548,16,2026-09-26
rainfall,nwp,24,R30,monsoon,clear,0.178942954985801,0.0925559496150366,-0.0925559496150366,16,2026-09-26
rainfall,nwp,24,R31,monsoon,clear,0.5540230757617322,0.2993904825930628,0.0072187299406776,16,2026-09-26
rainfall,nwp,24,R32,monsoon,clear,0.3025037013113961,0.1666247128106882,0.1659908116524794,16,2026-09-26
rainfall,nwp,24,R33,monsoon,clear,3.477016993572102,2.197950643969879,2.197950643969879,16,2026-09-26
rainfall,nwp,24,R00,monsoon,clear,0.5558993720541802,0.3428866389276799,0.3428866389276799,16,2026-09-26
rainfall,nwp,24,R01,monsoon,clear,1.982258965377754,1.1229765275390988,1.122668569947576,16,2026-09-26
rainfall,nwp,24,R02,monsoon,clear,2.9266247933639127,2.6472723358947743,2.6472723358947743,16,2026-09-26
rainfall,nwp,24,R03,monsoon,clear,6.869933856289605,5.939600163044665,5.939600163044665,16,2026-09-26
rainfall,nwp,24,R10,monsoon,clear,1.198319024351734,0.6109951975727201,0.6109951975727201,16,2026-09-26
rainfall,nwp,24,R11,monsoon,clear,3.525680965126488,2.437751993624089,2.437751993624089,16,2026-09-26
rainfall,nwp,24,R12,monsoon,clear,24.364260236331912,9.603049805198582,9.603049805198582,16,2026-09-26
rainfall,nwp,24,R13,monsoon,clear,10.637607985761262,7.284274285567172,7.284268010395511,16,2026-09-26
rainfall,nwp,24,R20,monsoon,clear,0.0003052463938611,8.818993737552196e-05,-8.818993737552196e-05,16,2026-09-26
rainfall,nwp,24,R21,monsoon,clear,0.0351334070526362,0.0150782254042966,0.0096775851144255,16,2026-09-26
rainfall,nwp,24,R22,monsoon,clear,1.4375080123240356,0.4214393440458087,0.4206245965834504,16,2026-09-26
rainfall,nwp,24,R23,monsoon,clear,2.5840026018270605,1.7478340317031895,1.7478340317031895,16,2026-09-26
rainfall,nwp,24,R30,monsoon,clear,0.1549888324822701,0.0823779031007098,-0.0815948828672685,16,2026-09-26
rainfall,nwp,24,R31,monsoon,clear,0.5081748722003416,0.3121286527715229,-0.0733892685336288,16,2026-09-26
rainfall,nwp,24,R32,monsoon,clear,0.2331497386917026,0.1248421175520294,0.1231988109573182,16,2026-09-26
rainfall,nwp,24,R33,monsoon,clear,4.502327392637622,2.275899056419457,2.274710124260286,16,2026-09-26
rainfall,nwp,24,R00,monsoon,clear,2.0489285183835366,1.1301399692259493,1.1301399692259493,16,2026-09-26
rainfall,nwp,24,R01,monsoon,clear,1.8187279799932856,0.912700206479628,0.9101533729422194,16,2026-09-26
rainfall,nwp,24,R02,monsoon,clear,3.2194590722402268,2.9894691644931624,2.9894691644931624,16,2026-09-26
rainfall,nwp,24,R03,monsoon,clear,6.057847071352056,4.806190009560988,4.806190009560988,16,2026-09-26
rainfall,nwp,24,R10,monsoon,clear,1.3466049096003931,0.8865535965128396,0.8865535965128396,16,2026-09-26
rainfall,nwp,24,R11,monsoon,clear,9.943023229851544,5.981088073198597,5.981088073198597,16,2026-09-26
rainfall,nwp,24,R12,monsoon,clear,5.439349925098676,4.271950142063988,4.271950142063988,16,2026-09-26
rainfall,nwp,24,R13,monsoon,clear,8.402703248058424,6.153525427216445,6.153467952044185,16,2026-09-26
rainfall,nwp,24,R20,monsoon,clear,0.0003052463938611,8.818993737552196e-05,-8.818993737552196e-05,16,2026-09-26
rainfall,nwp,24,R21,monsoon,clear,0.7733327552206487,0.3164368166475665,0.3086719869239136,16,2026-09-26
rainfall,nwp,24,R22,monsoon,clear,1.8331883046082016,0.7399696961463396,0.7386426086892464,16,2026-09-26
rainfall,nwp,24,R23,monsoon,clear,5.805952616661381,3.3111845526397325,3.31074764755548,16,2026-09-26
rainfall,nwp,24,R30,monsoon,clear,0.178942954985801,0.0925559496150366,-0.0925559496150366,16,2026-09-26
rainfall,nwp,24,R31,monsoon,clear,0.5540230757617322,0.2993904825930628,0.0072187299406776,16,2026-09-26
rainfall,nwp,24,R32,monsoon,clear,0.3025037013113961,0.1666247128106882,0.1659908116524794,16,2026-09-26
rainfall,nwp,24,R33,monsoon,clear,3.477016993572102,2.197950643969879,2.197950643969879,16,2026-09-26
rainfall,ensemble,24,R00,monsoon,clear,0.3694838884814049,0.255751468943997,0.255740925453897,16,2026-09-26
rainfall,ensemble,24,R01,monsoon,clear,1.9137813619013508,1.4125681054813175,1.411108147921807,16,2026-09-26
rainfall,ensemble,24,R02,monsoon,clear,3.565240288882659,3.359573524751699,3.359573524751699,16,2026-09-26
rainfall,ensemble,24,R03,monsoon,clear,6.112343366729893,5.570464982906086,5.570464982906086,16,2026-09-26
rainfall,ensemble,24,R10,monsoon,clear,0.6840861586490219,0.4178148143710881,0.4178148143710881,16,2026-09-26
rainfall,ensemble,24,R11,monsoon,clear,2.803107641377464,1.7608055763174255,1.7608055763174255,16,2026-09-26
rainfall,ensemble,24,R12,monsoon,clear,7.600667262639019,5.701586063234529,5.701586063234529,16,2026-09-26
rainfall,ensemble,24,R13,monsoon,clear,8.309297191011867,6.638001902346661,6.638001902346661,16,2026-09-26
rainfall,ensemble,24,R20,monsoon,clear,0.0003052463938611,8.818993737552196e-05,-8.818993737552196e-05,16,2026-09-26
rainfall,ensemble,24,R21,monsoon,clear,0.1582354027077316,0.0693385264434673,0.0648114965482755,16,2026-09-26
rainfall,ensemble,24,R22,monsoon,clear,1.027402891754231,0.434921353918092,0.434194252574638,16,2026-09-26
rainfall,ensemble,24,R23,monsoon,clear,1.7114530499681169,1.2111989449945684,1.2111989449945684,16,2026-09-26
rainfall,ensemble,24,R30,monsoon,clear,0.1614871443250363,0.0858120086982617,-0.0858120086982617,16,2026-09-26
rainfall,ensemble,24,R31,monsoon,clear,0.3324753068702385,0.2371645508048803,-0.1267485558552578,16,2026-09-26
rainfall,ensemble,24,R32,monsoon,clear,0.4725727642273951,0.37007910342181,0.3694509051807007,16,2026-09-26
rainfall,ensemble,24,R33,monsoon,clear,3.1123630570130483,2.1500072021467003,2.1500072021467003,16,2026-09-26
rainfall,ensemble,24,R00,monsoon,clear,1.770067152903246,0.8055187058756181,0.8055187058756181,16,2026-09-26
rainfall,ensemble,24,R01,monsoon,clear,2.169724940696348,1.0623918666766414,1.0598859363246649,16,2026-09-26
rainfall,ensemble,24,R02,monsoon,clear,4.4315491002987,4.054388403851232,4.054388403851232,16,2026-09-26
rainfall,ensemble,24,R03,monsoon,clear,6.882794221854135,5.621131604667629,5.621131604667629,16,2026-09-26
rainfall,ensemble,24,R10,monsoon,clear,1.2581126931286732,0.9788518524832184,0.9788518524832184,16,2026-09-26
rainfall,ensemble,24,R11,monsoon,clear,6.594568328819518,4.6153055448499,4.6153055448499,16,2026-09-26
rainfall,ensemble,24,R12,monsoon,clear,7.143436822917112,5.749808234308931,5.749808234308931,16,2026-09-26
rainfall,ensemble,24,R13,monsoon,clear,8.460794651724536,6.687874199668424,6.687816724496163,16,2026-09-26
rainfall,ensemble,24,R20,monsoon,clear,0.0003052463938611,8.818993737552196e-05,-8.818993737552196e-05,16,2026-09-26
rainfall,ensemble,24,R21,monsoon,clear,0.7537049881737367,0.3503464693288082,0.3414503813761844,16,2026-09-26
rainfall,ensemble,24,R22,monsoon,clear,1.0869148531380015,0.6851386920060833,0.6851386920060833,16,2026-09-26
rainfall,ensemble,24,R23,monsoon,clear,3.123268228030256,2.139384156704376,2.139384156704376,16,2026-09-26
rainfall,ensemble,24,R30,monsoon,clear,0.1779606366100831,0.0921823791635582,-0.0921823791635582,16,2026-09-26
rainfall,ensemble,24,R31,monsoon,clear,0.7539608914114219,0.4006503473828611,0.0596588510157085,16,2026-09-26
rainfall,ensemble,24,R32,monsoon,clear,0.7100613973054614,0.4601902119158385,0.4595620136747291,16,2026-09-26
rainfall,ensemble,24,R33,monsoon,clear,3.728684890741144,2.749612177536553,2.749612177536553,16,2026-09-26
rainfall,ensemble,24,R00,monsoon,clear,0.3694838884814049,0.255751468943997,0.255740925453897,16,2026-09-26
rainfall,ensemble,24,R01,monsoon,clear,1.9137813619013508,1.4125681054813175,1.411108147921807,16,2026-09-26
rainfall,ensemble,24,R02,monsoon,clear,3.565240288882659,3.359573524751699,3.359573524751699,16,2026-09-26
rainfall,ensemble,24,R03,monsoon,clear,6.112343366729893,5.570464982906086,5.570464982906086,16,2026-09-26
rainfall,ensemble,24,R10,monsoon,clear,0.6840861586490219,0.4178148143710881,0.4178148143710881,16,2026-09-26
rainfall,ensemble,24,R11,monsoon,clear,2.803107641377464,1.7608055763174255,1.7608055763174255,16,2026-09-26
rainfall,ensemble,24,R12,monsoon,clear,7.600667262639019,5.701586063234529,5.701586063234529,16,2026-09-26
rainfall,ensemble,24,R13,monsoon,clear,8.309297191011867,6.638001902346661,6.638001902346661,16,2026-09-26
rainfall,ensemble,24,R20,monsoon,clear,0.0003052463938611,8.818993737552196e-05,-8.818993737552196e-05,16,2026-09-26
rainfall,ensemble,24,R21,monsoon,clear,0.1582354027077316,0.0693385264434673,0.0648114965482755,16,2026-09-26
rainfall,ensemble,24,R22,monsoon,clear,1.027402891754231,0.434921353918092,0.434194252574638,16,2026-09-26
rainfall,ensemble,24,R23,monsoon,clear,1.7114530499681169,1.2111989449945684,1.2111989449945684,16,2026-09-26
rainfall,ensemble,24,R30,monsoon,clear,0.1614871443250363,0.0858120086982617,-0.0858120086982617,16,2026-09-26
rainfall,ensemble,24,R31,monsoon,clear,0.3324753068702385,0.2371645508048803,-0.1267485558552578,16,2026-09-26
rainfall,ensemble,24,R32,monsoon,clear,0.4725727642273951,0.37007910342181,0.3694509051807007,16,2026-09-26
rainfall,ensemble,24,R33,monsoon,clear,3.1123630570130483,2.1500072021467003,2.1500072021467003,16,2026-09-26
rainfall,ensemble,24,R00,monsoon,clear,1.770067152903246,0.8055187058756181,0.8055187058756181,16,2026-09-26
rainfall,ensemble,24,R01,monsoon,clear,2.169724940696348,1.0623918666766414,1.0598859363246649,16,2026-09-26
rainfall,ensemble,24,R02,monsoon,clear,4.4315491002987,4.054388403851232,4.054388403851232,16,2026-09-26
rainfall,ensemble,24,R03,monsoon,clear,6.882794221854135,5.621131604667629,5.621131604667629,16,2026-09-26
rainfall,ensemble,24,R10,monsoon,clear,1.2581126931286732,0.9788518524832184,0.9788518524832184,16,2026-09-26
rainfall,ensemble,24,R11,monsoon,clear,6.594568328819518,4.6153055448499,4.6153055448499,16,2026-09-26
rainfall,ensemble,24,R12,monsoon,clear,7.143436822917112,5.749808234308931,5.749808234308931,16,2026-09-26
rainfall,ensemble,24,R13,monsoon,clear,8.460794651724536,6.687874199668424,6.687816724496163,16,2026-09-26
rainfall,ensemble,24,R20,monsoon,clear,0.0003052463938611,8.818993737552196e-05,-8.818993737552196e-05,16,2026-09-26
rainfall,ensemble,24,R21,monsoon,clear,0.7537049881737367,0.3503464693288082,0.3414503813761844,16,2026-09-26
rainfall,ensemble,24,R22,monsoon,clear,1.0869148531380015,0.6851386920060833,0.6851386920060833,16,2026-09-26
rainfall,ensemble,24,R23,monsoon,clear,3.123268228030256,2.139384156704376,2.139384156704376,16,2026-09-26
rainfall,ensemble,24,R30,monsoon,clear,0.1779606366100831,0.0921823791635582,-0.0921823791635582,16,2026-09-26
rainfall,ensemble,24,R31,monsoon,clear,0.7539608914114219,0.4006503473828611,0.0596588510157085,16,2026-09-26
rainfall,ensemble,24,R32,monsoon,clear,0.7100613973054614,0.4601902119158385,0.4595620136747291,16,2026-09-26
rainfall,ensemble,24,R33,monsoon,clear,3.728684890741144,2.749612177536553,2.749612177536553,16,2026-09-26
rainfall,nwp,24,R00,monsoon,clear,0.5558993720541802,0.3428866389276799,0.3428866389276799,16,2026-09-26
rainfall,nwp,24,R01,monsoon,clear,1.982258965377754,1.1229765275390988,1.122668569947576,16,2026-09-26
rainfall,nwp,24,R02,monsoon,clear,2.9266247933639127,2.6472723358947743,2.6472723358947743,16,2026-09-26
rainfall,nwp,24,R03,monsoon,clear,6.869933856289605,5.939600163044665,5.939600163044665,16,2026-09-26
rainfall,nwp,24,R10,monsoon,clear,1.198319024351734,0.6109951975727201,0.6109951975727201,16,2026-09-26
rainfall,nwp,24,R11,monsoon,clear,3.525680965126488,2.437751993624089,2.437751993624089,16,2026-09-26
rainfall,nwp,24,R12,monsoon,clear,24.364260236331912,9.603049805198582,9.603049805198582,16,2026-09-26
rainfall,nwp,24,R13,monsoon,clear,10.637607985761262,7.284274285567172,7.284268010395511,16,2026-09-26
rainfall,nwp,24,R20,monsoon,clear,0.0003052463938611,8.818993737552196e-05,-8.818993737552196e-05,16,2026-09-26
rainfall,nwp,24,R21,monsoon,clear,0.0351334070526362,0.0150782254042966,0.0096775851144255,16,2026-09-26
rainfall,nwp,24,R22,monsoon,clear,1.4375080123240356,0.4214393440458087,0.4206245965834504,16,2026-09-26
rainfall,nwp,24,R23,monsoon,clear,2.5840026018270605,1.7478340317031895,1.7478340317031895,16,2026-09-26
rainfall,nwp,24,R30,monsoon,clear,0.1549888324822701,0.0823779031007098,-0.0815948828672685,16,2026-09-26
rainfall,nwp,24,R31,monsoon,clear,0.5081748722003416,0.3121286527715229,-0.0733892685336288,16,2026-09-26
rainfall,nwp,24,R32,monsoon,clear,0.2331497386917026,0.1248421175520294,0.1231988109573182,16,2026-09-26
rainfall,nwp,24,R33,monsoon,clear,4.502327392637622,2.275899056419457,2.274710124260286,16,2026-09-26
rainfall,nwp,24,R00,monsoon,clear,2.0489285183835366,1.1301399692259493,1.1301399692259493,16,2026-09-26
rainfall,nwp,24,R01,monsoon,clear,1.8187279799932856,0.912700206479628,0.9101533729422194,16,2026-09-26
rainfall,nwp,24,R02,monsoon,clear,3.2194590722402268,2.9894691644931624,2.9894691644931624,16,2026-09-26
rainfall,nwp,24,R03,monsoon,clear,6.057847071352056,4.806190009560988,4.806190009560988,16,2026-09-26
rainfall,nwp,24,R10,monsoon,clear,1.3466049096003931,0.8865535965128396,0.8865535965128396,16,2026-09-26
rainfall,nwp,24,R11,monsoon,clear,9.943023229851544,5.981088073198597,5.981088073198597,16,2026-09-26
rainfall,nwp,24,R12,monsoon,clear,5.439349925098676,4.271950142063988,4.271950142063988,16,2026-09-26
rainfall,nwp,24,R13,monsoon,clear,8.402703248058424,6.153525427216445,6.153467952044185,16,2026-09-26
rainfall,nwp,24,R20,monsoon,clear,0.0003052463938611,8.818993737552196e-05,-8.818993737552196e-05,16,2026-09-26
rainfall,nwp,24,R21,monsoon,clear,0.7733327552206487,0.3164368166475665,0.3086719869239136,16,2026-09-26
rainfall,nwp,24,R22,monsoon,clear,1.8331883046082016,0.7399696961463396,0.7386426086892464,16,2026-09-26
rainfall,nwp,24,R23,monsoon,clear,5.805952616661381,3.3111845526397325,3.31074764755548,16,2026-09-26
rainfall,nwp,24,R30,monsoon,clear,0.178942954985801,0.0925559496150366,-0.0925559496150366,16,2026-09-26
rainfall,nwp,24,R31,monsoon,clear,0.5540230757617322,0.2993904825930628,0.0072187299406776,16,2026-09-26
rainfall,nwp,24,R32,monsoon,clear,0.3025037013113961,0.1666247128106882,0.1659908116524794,16,2026-09-26
rainfall,nwp,24,R33,monsoon,clear,3.477016993572102,2.197950643969879,2.197950643969879,16,2026-09-26
rainfall,ensemble,24,R00,monsoon,clear,0.3694838884814049,0.255751468943997,0.255740925453897,16,2026-09-26
rainfall,ensemble,24,R01,monsoon,clear,1.9137813619013508,1.4125681054813175,1.411108147921807,16,2026-09-26
rainfall,ensemble,24,R02,monsoon,clear,3.565240288882659,3.359573524751699,3.359573524751699,16,2026-09-26
rainfall,ensemble,24,R03,monsoon,clear,6.112343366729893,5.570464982906086,5.570464982906086,16,2026-09-26
rainfall,ensemble,24,R10,monsoon,clear,0.6840861586490219,0.4178148143710881,0.4178148143710881,16,2026-09-26
rainfall,ensemble,24,R11,monsoon,clear,2.803107641377464,1.7608055763174255,1.7608055763174255,16,2026-09-26
rainfall,ensemble,24,R12,monsoon,clear,7.600667262639019,5.701586063234529,5.701586063234529,16,2026-09-26
rainfall,ensemble,24,R13,monsoon,clear,8.309297191011867,6.638001902346661,6.638001902346661,16,2026-09-26
rainfall,ensemble,24,R20,monsoon,clear,0.0003052463938611,8.818993737552196e-05,-8.818993737552196e-05,16,2026-09-26
rainfall,ensemble,24,R21,monsoon,clear,0.1582354027077316,0.0693385264434673,0.0648114965482755,16,2026-09-26
rainfall,ensemble,24,R22,monsoon,clear,1.027402891754231,0.434921353918092,0.434194252574638,16,2026-09-26
rainfall,ensemble,24,R23,monsoon,clear,1.7114530499681169,1.2111989449945684,1.2111989449945684,16,2026-09-26
rainfall,ensemble,24,R30,monsoon,clear,0.1614871443250363,0.0858120086982617,-0.0858120086982617,16,2026-09-26
rainfall,ensemble,24,R31,monsoon,clear,0.3324753068702385,0.2371645508048803,-0.1267485558552578,16,2026-09-26
rainfall,ensemble,24,R32,monsoon,clear,0.4725727642273951,0.37007910342181,0.3694509051807007,16,2026-09-26
rainfall,ensemble,24,R33,monsoon,clear,3.1123630570130483,2.1500072021467003,2.1500072021467003,16,2026-09-26
rainfall,ensemble,24,R00,monsoon,clear,1.770067152903246,0.8055187058756181,0.8055187058756181,16,2026-09-26
rainfall,ensemble,24,R01,monsoon,clear,2.169724940696348,1.0623918666766414,1.0598859363246649,16,2026-09-26
rainfall,ensemble,24,R02,monsoon,clear,4.4315491002987,4.054388403851232,4.054388403851232,16,2026-09-26
rainfall,ensemble,24,R03,monsoon,clear,6.882794221854135,5.621131604667629,5.621131604667629,16,2026-09-26
rainfall,ensemble,24,R10,monsoon,clear,1.2581126931286732,0.9788518524832184,0.9788518524832184,16,2026-09-26
rainfall,ensemble,24,R11,monsoon,clear,6.594568328819518,4.6153055448499,4.6153055448499,16,2026-09-26
rainfall,ensemble,24,R12,monsoon,clear,7.143436822917112,5.749808234308931,5.749808234308931,16,2026-09-26
rainfall,ensemble,24,R13,monsoon,clear,8.460794651724536,6.687874199668424,6.687816724496163,16,2026-09-26
rainfall,ensemble,24,R20,monsoon,clear,0.0003052463938611,8.818993737552196e-05,-8.818993737552196e-05,16,2026-09-26
rainfall,ensemble,24,R21,monsoon,clear,0.7537049881737367,0.3503464693288082,0.3414503813761844,16,2026-09-26
rainfall,ensemble,24,R22,monsoon,clear,1.0869148531380015,0.6851386920060833,0.6851386920060833,16,2026-09-26
rainfall,ensemble,24,R23,monsoon,clear,3.123268228030256,2.139384156704376,2.139384156704376,16,2026-09-26
rainfall,ensemble,24,R30,monsoon,clear,0.1779606366100831,0.0921823791635582,-0.0921823791635582,16,2026-09-26
rainfall,ensemble,24,R31,monsoon,clear,0.7539608914114219,0.4006503473828611,0.0596588510157085,16,2026-09-26
rainfall,ensemble,24,R32,monsoon,clear,0.7100613973054614,0.4601902119158385,0.4595620136747291,16,2026-09-26
rainfall,ensemble,24,R33,monsoon,clear,3.728684890741144,2.749612177536553,2.749612177536553,16,2026-09-26
rainfall,nwp,24,R00,monsoon,clear,0.5558993720541802,0.3428866389276799,0.3428866389276799,16,2026-09-26
rainfall,nwp,24,R01,monsoon,clear,1.982258965377754,1.1229765275390988,1.122668569947576,16,2026-09-26
rainfall,nwp,24,R02,monsoon,clear,2.9266247933639127,2.6472723358947743,2.6472723358947743,16,2026-09-26
rainfall,nwp,24,R03,monsoon,clear,6.869933856289605,5.939600163044665,5.939600163044665,16,2026-09-26
rainfall,nwp,24,R10,monsoon,clear,1.198319024351734,0.6109951975727201,0.6109951975727201,16,2026-09-26
rainfall,nwp,24,R11,monsoon,clear,3.525680965126488,2.437751993624089,2.437751993624089,16,2026-09-26
rainfall,nwp,24,R12,monsoon,clear,24.364260236331912,9.603049805198582,9.603049805198582,16,2026-09-26
rainfall,nwp,24,R13,monsoon,clear,10.637607985761262,7.284274285567172,7.284268010395511,16,2026-09-26
rainfall,nwp,24,R20,monsoon,clear,0.0003052463938611,8.818993737552196e-05,-8.818993737552196e-05,16,2026-09-26
rainfall,nwp,24,R21,monsoon,clear,0.0351334070526362,0.0150782254042966,0.0096775851144255,16,2026-09-26
rainfall,nwp,24,R22,monsoon,clear,1.4375080123240356,0.4214393440458087,0.4206245965834504,16,2026-09-26
rainfall,nwp,24,R23,monsoon,clear,2.5840026018270605,1.7478340317031895,1.7478340317031895,16,2026-09-26
rainfall,nwp,24,R30,monsoon,clear,0.1549888324822701,0.0823779031007098,-0.0815948828672685,16,2026-09-26
rainfall,nwp,24,R31,monsoon,clear,0.5081748722003416,0.3121286527715229,-0.0733892685336288,16,2026-09-26
rainfall,nwp,24,R32,monsoon,clear,0.2331497386917026,0.1248421175520294,0.1231988109573182,16,2026-09-26
rainfall,nwp,24,R33,monsoon,clear,4.502327392637622,2.275899056419457,2.274710124260286,16,2026-09-26
rainfall,nwp,24,R00,monsoon,clear,2.0489285183835366,1.1301399692259493,1.1301399692259493,16,2026-09-26
rainfall,nwp,24,R01,monsoon,clear,1.8187279799932856,0.912700206479628,0.9101533729422194,16,2026-09-26
rainfall,nwp,24,R02,monsoon,clear,3.2194590722402268,2.9894691644931624,2.9894691644931624,16,2026-09-26
rainfall,nwp,24,R03,monsoon,clear,6.057847071352056,4.806190009560988,4.806190009560988,16,2026-09-26
rainfall,nwp,24,R10,monsoon,clear,1.3466049096003931,0.8865535965128396,0.8865535965128396,16,2026-09-26
rainfall,nwp,24,R11,monsoon,clear,9.943023229851544,5.981088073198597,5.981088073198597,16,2026-09-26
rainfall,nwp,24,R12,monsoon,clear,5.439349925098676,4.271950142063988,4.271950142063988,16,2026-09-26
rainfall,nwp,24,R13,monsoon,clear,8.402703248058424,6.153525427216445,6.153467952044185,16,2026-09-26
rainfall,nwp,24,R20,monsoon,clear,0.0003052463938611,8.818993737552196e-05,-8.818993737552196e-05,16,2026-09-26
rainfall,nwp,24,R21,monsoon,clear,0.7733327552206487,0.3164368166475665,0.3086719869239136,16,2026-09-26
rainfall,nwp,24,R22,monsoon,clear,1.8331883046082016,0.7399696961463396,0.7386426086892464,16,2026-09-26
rainfall,nwp,24,R23,monsoon,clear,5.805952616661381,3.3111845526397325,3.31074764755548,16,2026-09-26
rainfall,nwp,24,R30,monsoon,clear,0.178942954985801,0.0925559496150366,-0.0925559496150366,16,2026-09-26
rainfall,nwp,24,R31,monsoon,clear,0.5540230757617322,0.2993904825930628,0.0072187299406776,16,2026-09-26
rainfall,nwp,24,R32,monsoon,clear,0.3025037013113961,0.1666247128106882,0.1659908116524794,16,2026-09-26
rainfall,nwp,24,R33,monsoon,clear,3.477016993572102,2.197950643969879,2.197950643969879,16,2026-09-26
temperature,ensemble,24,R00,monsoon,clear,1.1458517288668912,1.0285525860151887,1.0285525860151887,16,2026-09-26
temperature,ensemble,24,R01,monsoon,clear,4.725564421961157,4.343342832714456,4.343342832714456,16,2026-09-26
temperature,ensemble,24,R02,monsoon,clear,3.4666267479045887,3.341242782529973,3.341242782529973,16,2026-09-26
temperature,ensemble,24,R03,monsoon,clear,1.7272084215718462,1.639610111775544,1.639610111775544,16,2026-09-26
temperature,ensemble,24,R10,monsoon,clear,4.990938198137778,4.0972729115427375,4.0972729115427375,16,2026-09-26
temperature,ensemble,24,R11,monsoon,clear,9.484675462462448,9.342150601045589,9.342150601045589,16,2026-09-26
temperature,ensemble,24,R12,monsoon,clear,7.3089321346311324,6.964596318374453,6.964596318374453,16,2026-09-26
temperature,ensemble,24,R13,monsoon,clear,6.163956811348617,5.365172269844734,5.365172269844734,16,2026-09-26
temperature,ensemble,24,R20,monsoon,clear,18.596677766855983,18.006975642702724,18.006975642702724,16,2026-09-26
temperature,ensemble,24,R21,monsoon,clear,16.107431875149764,15.895547905439235,15.895547905439235,16,2026-09-26
temperature,ensemble,24,R22,monsoon,clear,15.2986150519321,14.923745826438648,14.923745826438648,16,2026-09-26
temperature,ensemble,24,R23,monsoon,clear,13.92836496238629,13.142692649433192,13.142692649433192,16,2026-09-26
temperature,ensemble,24,R30,monsoon,clear,18.279703017772448,17.738196190937405,17.738196190937405,16,2026-09-26
temperature,ensemble,24,R31,monsoon,clear,15.43743430232982,15.134908591062484,15.134908591062484,16,2026-09-26
temperature,ensemble,24,R32,monsoon,clear,19.00047758528025,18.935547050821445,18.935547050821445,16,2026-09-26
temperature,ensemble,24,R33,monsoon,clear,21.301262307592896,20.985530771430792,20.985530771430792,16,2026-09-26
temperature,ensemble,24,R00,monsoon,clear,1.1472674807225405,1.0452926455734572,1.0452926455734572,16,2026-09-26
temperature,ensemble,24,R01,monsoon,clear,4.370804323565112,4.016886759942467,4.016886759942467,16,2026-09-26
temperature,ensemble,24,R02,monsoon,clear,3.560861297202443,3.428089593330041,3.428089593330041,16,2026-09-26
temperature,ensemble,24,R03,monsoon,clear,1.6806294097693608,1.5000398746276065,1.5000398746276065,16,2026-09-26
temperature,ensemble,24,R10,monsoon,clear,5.108422997268852,4.279755629551276,4.279755629551276,16,2026-09-26
temperature,ensemble,24,R11,monsoon,clear,9.150480549678427,8.964579817218553,8.964579817218553,16,2026-09-26
temperature,ensemble,24,R12,monsoon,clear,7.371914603192646,7.07389098085003,7.07389098085003,16,2026-09-26
temperature,ensemble,24,R13,monsoon,clear,6.066651017472455,5.274848749608182,5.274848749608182,16,2026-09-26
temperature,ensemble,24,R20,monsoon,clear,18.65296726583588,18.02497284186721,18.02497284186721,16,2026-09-26
temperature,ensemble,24,R21,monsoon,clear,16.038826044793463,15.813237750206476,15.813237750206476,16,2026-09-26
temperature,ensemble,24,R22,monsoon,clear,15.065407468810648,14.632290672019716,14.632290672019716,16,2026-09-26
temperature,ensemble,24,R23,monsoon,clear,13.685596490960355,12.869730658511603,12.869730658511603,16,2026-09-26
temperature,ensemble,24,R30,monsoon,clear,18.316403338189275,17.824047684113545,17.824047684113545,16,2026-09-26
temperature,ensemble,24,R31,monsoon,clear,14.95657460896032,14.667781199388576,14.667781199388576,16,2026-09-26
temperature,ensemble,24,R32,monsoon,clear,17.595047595021082,17.54374634416997,17.54374634416997,16,2026-09-26
temperature,ensemble,24,R33,monsoon,clear,19.59283143048992,18.87049291456352,18.87049291456352,16,2026-09-26
temperature,nwp,24,R00,monsoon,clear,1.2761957907006487,1.1736087684997534,1.1736087684997534,16,2026-09-26
temperature,nwp,24,R01,monsoon,clear,4.60963908579543,4.236196486233691,4.236196486233691,16,2026-09-26
temperature,nwp,24,R02,monsoon,clear,3.157346378492929,2.979540998042863,2.979540998042863,16,2026-09-26
temperature,nwp,24,R03,monsoon,clear,1.4130485943318425,1.25397112811054,1.1513323731808387,16,2026-09-26
temperature,nwp,24,R10,monsoon,clear,4.976148725956572,4.084830883638357,4.084830883638357,16,2026-09-26
temperature,nwp,24,R11,monsoon,clear,9.35306012930926,9.236603819293752,9.236603819293752,16,2026-09-26
temperature,nwp,24,R12,monsoon,clear,7.04552536095176,6.620296510296099,6.620296510296099,16,2026-09-26
temperature,nwp,24,R13,monsoon,clear,5.919735582663031,4.900176621425317,4.900176621425317,16,2026-09-26
temperature,nwp,24,R20,monsoon,clear,18.863231448734663,18.33187030054414,18.33187030054414,16,2026-09-26
temperature,nwp,24,R21,monsoon,clear,16.551177322577395,16.362052294884236,16.362052294884236,16,2026-09-26
temperature,nwp,24,R22,monsoon,clear,15.820163149039857,15.3788348106102,15.3788348106102,16,2026-09-26
temperature,nwp,24,R23,monsoon,clear,14.343577818363986,13.3105102017878,13.3105102017878,16,2026-09-26
temperature,nwp,24,R30,monsoon,clear,18.481364871833456,17.858511433751872,17.858511433751872,16,2026-09-26
temperature,nwp,24,R31,monsoon,clear,15.755157022779782,15.466026257801474,15.466026257801474,16,2026-09-26
temperature,nwp,24,R32,monsoon,clear,19.16019393388628,19.051182189439064,19.051182189439064,16,2026-09-26
temperature,nwp,24,R33,monsoon,clear,20.94146253524526,20.59340114180116,20.59340114180116,16,2026-09-26
temperature,nwp,24,R00,monsoon,clear,1.3599256162377031,1.2544624770259971,1.2544624770259971,16,2026-09-26
temperature,nwp,24,R01,monsoon,clear,4.407802260947345,4.000262885702006,4.000262885702006,16,2026-09-26
temperature,nwp,24,R02,monsoon,clear,3.214682786199352,3.0378311659573605,3.0378311659573605,16,2026-09-26
temperature,nwp,24,R03,monsoon,clear,1.5439871395366105,1.3946779302903107,0.9734777363174124,16,2026-09-26
temperature,nwp,24,R10,monsoon,clear,5.065542518466603,4.277304299436969,4.277304299436969,16,2026-09-26
temperature,nwp,24,R11,monsoon,clear,8.977442941335982,8.746419942408432,8.746419942408432,16,2026-09-26
temperature,nwp,24,R12,monsoon,clear,7.188862523399103,6.839415594972222,6.839415594972222,16,2026-09-26
temperature,nwp,24,R13,monsoon,clear,5.8772495462251655,4.95761250060283,4.95761250060283,16,2026-09-26
temperature,nwp,24,R20,monsoon,clear,18.852686330607927,18.24134301330817,18.24134301330817,16,2026-09-26
temperature,nwp,24,R21,monsoon,clear,16.209512858879243,16.014034962595275,16.014034962595275,16,2026-09-26
temperature,nwp,24,R22,monsoon,clear,15.369966747587377,14.825651055795216,14.825651055795216,16,2026-09-26
temperature,nwp,24,R23,monsoon,clear,14.056639191274565,13.061763683052272,13.061763683052272,16,2026-09-26
temperature,nwp,24,R30,monsoon,clear,18.41519173758813,17.856849634827284,17.856849634827284,16,2026-09-26
temperature,nwp,24,R31,monsoon,clear,15.489733740214682,15.21235198660643,15.21235198660643,16,2026-09-26
temperature,nwp,24,R32,monsoon,clear,17.940196777026028,17.871100006731446,17.871100006731446,16,2026-09-26
temperature,nwp,24,R33,monsoon,clear,19.78023436248709,19.10931989421242,19.10931989421242,16,2026-09-26
temperature,ai,24,R00,monsoon,clear,0.2791617990239903,0.1808839682329181,0.1732956556364675,16,2026-09-26
temperature,ai,24,R01,monsoon,clear,1.718609172328131,1.5348457053855624,1.5348457053855624,16,2026-09-26
temperature,ai,24,R02,monsoon,clear,1.0746372827295116,1.0066708813577037,1.0066708813577037,16,2026-09-26
temperature,ai,24,R03,monsoon,clear,0.5802371662749015,0.5137770530585561,0.5137770530585561,16,2026-09-26
temperature,ai,24,R10,monsoon,clear,2.2390244554564087,1.5679063308778636,1.5679063308778636,16,2026-09-26
temperature,ai,24,R11,monsoon,clear,2.467112273197458,2.288260465080353,2.288260465080353,16,2026-09-26
temperature,ai,24,R12,monsoon,clear,0.7190221168169895,0.618304008201315,-0.0312883692611917,16,2026-09-26
temperature,ai,24,R13,monsoon,clear,0.8078609303996184,0.7053834740909507,0.0047582831991082,16,2026-09-26
temperature,ai,24,R20,monsoon,clear,3.165187889053164,2.8639186428996286,2.8639186428996286,16,2026-09-26
temperature,ai,24,R21,monsoon,clear,1.4882074977514277,1.0530199573658146,0.5054927025312215,16,2026-09-26
temperature,ai,24,R22,monsoon,clear,2.187180774990572,1.6408245209117025,-1.0049138047960104,16,2026-09-26
temperature,ai,24,R23,monsoon,clear,2.56424122387928,2.102608978522662,-2.081842462359146,16,2026-09-26
temperature,ai,24,R30,monsoon,clear,3.2716123959262378,2.88676778073826,2.773688112528384,16,2026-09-26
temperature,ai,24,R31,monsoon,clear,1.7728339745857038,1.4931320008328877,-0.2079446392294842,16,2026-09-26
temperature,ai,24,R32,monsoon,clear,3.089749297829148,2.9892066666716866,-2.9892066666716866,16,2026-09-26
temperature,ai,24,R33,monsoon,clear,3.0584560190525005,2.751937471031317,-2.6341230805322464,16,2026-09-26
temperature,ai,24,R00,monsoon,clear,0.2791617990239903,0.1808839682329181,0.1732956556364675,16,2026-09-26
temperature,ai,24,R01,monsoon,clear,1.718609172328131,1.5348457053855624,1.5348457053855624,16,2026-09-26
temperature,ai,24,R02,monsoon,clear,1.0746372827295116,1.0066708813577037,1.0066708813577037,16,2026-09-26
temperature,ai,24,R03,monsoon,clear,0.5802371662749015,0.5137770530585561,0.5137770530585561,16,2026-09-26
temperature,ai,24,R10,monsoon,clear,2.2390244554564087,1.5679063308778636,1.5679063308778636,16,2026-09-26
temperature,ai,24,R11,monsoon,clear,2.467112273197458,2.288260465080353,2.288260465080353,16,2026-09-26
temperature,ai,24,R12,monsoon,clear,0.7190221168169895,0.618304008201315,-0.0312883692611917,16,2026-09-26
temperature,ai,24,R13,monsoon,clear,0.8078609303996184,0.7053834740909507,0.0047582831991082,16,2026-09-26
temperature,ai,24,R20,monsoon,clear,3.165187889053164,2.8639186428996286,2.8639186428996286,16,2026-09-26
temperature,ai,24,R21,monsoon,clear,1.4882074977514277,1.0530199573658146,0.5054927025312215,16,2026-09-26
temperature,ai,24,R22,monsoon,clear,2.187180774990572,1.6408245209117025,-1.0049138047960104,16,2026-09-26
temperature,ai,24,R23,monsoon,clear,2.56424122387928,2.102608978522662,-2.081842462359146,16,2026-09-26
temperature,ai,24,R30,monsoon,clear,3.2716123959262378,2.88676778073826,2.773688112528384,16,2026-09-26
temperature,ai,24,R31,monsoon,clear,1.7728339745857038,1.4931320008328877,-0.2079446392294842,16,2026-09-26
temperature,ai,24,R32,monsoon,clear,3.089749297829148,2.9892066666716866,-2.9892066666716866,16,2026-09-26
temperature,ai,24,R33,monsoon,clear,3.0584560190525005,2.751937471031317,-2.6341230805322464,16,2026-09-26
rainfall,ensemble,24,R00,monsoon,clear,0.3694838884814049,0.255751468943997,0.255740925453897,16,2026-09-26
rainfall,ensemble,24,R01,monsoon,clear,1.9137813619013508,1.4125681054813175,1.411108147921807,16,2026-09-26
rainfall,ensemble,24,R02,monsoon,clear,3.565240288882659,3.359573524751699,3.359573524751699,16,2026-09-26
rainfall,ensemble,24,R03,monsoon,clear,6.112343366729893,5.570464982906086,5.570464982906086,16,2026-09-26
rainfall,ensemble,24,R10,monsoon,clear,0.6840861586490219,0.4178148143710881,0.4178148143710881,16,2026-09-26
rainfall,ensemble,24,R11,monsoon,clear,2.803107641377464,1.7608055763174255,1.7608055763174255,16,2026-09-26
rainfall,ensemble,24,R12,monsoon,clear,7.600667262639019,5.701586063234529,5.701586063234529,16,2026-09-26
rainfall,ensemble,24,R13,monsoon,clear,8.309297191011867,6.638001902346661,6.638001902346661,16,2026-09-26
rainfall,ensemble,24,R20,monsoon,clear,0.0003052463938611,8.818993737552196e-05,-8.818993737552196e-05,16,2026-09-26
rainfall,ensemble,24,R21,monsoon,clear,0.1582354027077316,0.0693385264434673,0.0648114965482755,16,2026-09-26
rainfall,ensemble,24,R22,monsoon,clear,1.027402891754231,0.434921353918092,0.434194252574638,16,2026-09-26
rainfall,ensemble,24,R23,monsoon,clear,1.7114530499681169,1.2111989449945684,1.2111989449945684,16,2026-09-26
rainfall,ensemble,24,R30,monsoon,clear,0.1614871443250363,0.0858120086982617,-0.0858120086982617,16,2026-09-26
rainfall,ensemble,24,R31,monsoon,clear,0.3324753068702385,0.2371645508048803,-0.1267485558552578,16,2026-09-26
rainfall,ensemble,24,R32,monsoon,clear,0.4725727642273951,0.37007910342181,0.3694509051807007,16,2026-09-26
rainfall,ensemble,24,R33,monsoon,clear,3.1123630570130483,2.1500072021467003,2.1500072021467003,16,2026-09-26
rainfall,ensemble,24,R00,monsoon,clear,1.770067152903246,0.8055187058756181,0.8055187058756181,16,2026-09-26
rainfall,ensemble,24,R01,monsoon,clear,2.169724940696348,1.0623918666766414,1.0598859363246649,16,2026-09-26
rainfall,ensemble,24,R02,monsoon,clear,4.4315491002987,4.054388403851232,4.054388403851232,16,2026-09-26
rainfall,ensemble,24,R03,monsoon,clear,6.882794221854135,5.621131604667629,5.621131604667629,16,2026-09-26
rainfall,ensemble,24,R10,monsoon,clear,1.2581126931286732,0.9788518524832184,0.9788518524832184,16,2026-09-26
rainfall,ensemble,24,R11,monsoon,clear,6.594568328819518,4.6153055448499,4.6153055448499,16,2026-09-26
rainfall,ensemble,24,R12,monsoon,clear,7.143436822917112,5.749808234308931,5.749808234308931,16,2026-09-26
rainfall,ensemble,24,R13,monsoon,clear,8.460794651724536,6.687874199668424,6.687816724496163,16,2026-09-26
rainfall,ensemble,24,R20,monsoon,clear,0.0003052463938611,8.818993737552196e-05,-8.818993737552196e-05,16,2026-09-26
rainfall,ensemble,24,R21,monsoon,clear,0.7537049881737367,0.3503464693288082,0.3414503813761844,16,2026-09-26
rainfall,ensemble,24,R22,monsoon,clear,1.0869148531380015,0.6851386920060833,0.6851386920060833,16,2026-09-26
rainfall,ensemble,24,R23,monsoon,clear,3.123268228030256,2.139384156704376,2.139384156704376,16,2026-09-26
rainfall,ensemble,24,R30,monsoon,clear,0.1779606366100831,0.0921823791635582,-0.0921823791635582,16,2026-09-26
rainfall,ensemble,24,R31,monsoon,clear,0.7539608914114219,0.4006503473828611,0.0596588510157085,16,2026-09-26
rainfall,ensemble,24,R32,monsoon,clear,0.7100613973054614,0.4601902119158385,0.4595620136747291,16,2026-09-26
rainfall,ensemble,24,R33,monsoon,clear,3.728684890741144,2.749612177536553,2.749612177536553,16,2026-09-26
rainfall,nwp,24,R00,monsoon,clear,0.5558993720541802,0.3428866389276799,0.3428866389276799,16,2026-09-26
rainfall,nwp,24,R01,monsoon,clear,1.982258965377754,1.1229765275390988,1.122668569947576,16,2026-09-26
rainfall,nwp,24,R02,monsoon,clear,2.9266247933639127,2.6472723358947743,2.6472723358947743,16,2026-09-26
rainfall,nwp,24,R03,monsoon,clear,6.869933856289605,5.939600163044665,5.939600163044665,16,2026-09-26
rainfall,nwp,24,R10,monsoon,clear,1.198319024351734,0.6109951975727201,0.6109951975727201,16,2026-09-26
rainfall,nwp,24,R11,monsoon,clear,3.525680965126488,2.437751993624089,2.437751993624089,16,2026-09-26
rainfall,nwp,24,R12,monsoon,clear,24.364260236331912,9.603049805198582,9.603049805198582,16,2026-09-26
rainfall,nwp,24,R13,monsoon,clear,10.637607985761262,7.284274285567172,7.284268010395511,16,2026-09-26
rainfall,nwp,24,R20,monsoon,clear,0.0003052463938611,8.818993737552196e-05,-8.818993737552196e-05,16,2026-09-26
rainfall,nwp,24,R21,monsoon,clear,0.0351334070526362,0.0150782254042966,0.0096775851144255,16,2026-09-26
rainfall,nwp,24,R22,monsoon,clear,1.4375080123240356,0.4214393440458087,0.4206245965834504,16,2026-09-26
rainfall,nwp,24,R23,monsoon,clear,2.5840026018270605,1.7478340317031895,1.7478340317031895,16,2026-09-26
rainfall,nwp,24,R30,monsoon,clear,0.1549888324822701,0.0823779031007098,-0.0815948828672685,16,2026-09-26
rainfall,nwp,24,R31,monsoon,clear,0.5081748722003416,0.3121286527715229,-0.0733892685336288,16,2026-09-26
rainfall,nwp,24,R32,monsoon,clear,0.2331497386917026,0.1248421175520294,0.1231988109573182,16,2026-09-26
rainfall,nwp,24,R33,monsoon,clear,4.502327392637622,2.275899056419457,2.274710124260286,16,2026-09-26
rainfall,nwp,24,R00,monsoon,clear,2.0489285183835366,1.1301399692259493,1.1301399692259493,16,2026-09-26
rainfall,nwp,24,R01,monsoon,clear,1.8187279799932856,0.912700206479628,0.9101533729422194,16,2026-09-26
rainfall,nwp,24,R02,monsoon,clear,3.2194590722402268,2.9894691644931624,2.9894691644931624,16,2026-09-26
rainfall,nwp,24,R03,monsoon,clear,6.057847071352056,4.806190009560988,4.806190009560988,16,2026-09-26
rainfall,nwp,24,R10,monsoon,clear,1.3466049096003931,0.8865535965128396,0.8865535965128396,16,2026-09-26
rainfall,nwp,24,R11,monsoon,clear,9.943023229851544,5.981088073198597,5.981088073198597,16,2026-09-26
rainfall,nwp,24,R12,monsoon,clear,5.439349925098676,4.271950142063988,4.271950142063988,16,2026-09-26
rainfall,nwp,24,R13,monsoon,clear,8.402703248058424,6.153525427216445,6.153467952044185,16,2026-09-26
rainfall,nwp,24,R20,monsoon,clear,0.0003052463938611,8.818993737552196e-05,-8.818993737552196e-05,16,2026-09-26
rainfall,nwp,24,R21,monsoon,clear,0.7733327552206487,0.3164368166475665,0.3086719869239136,16,2026-09-26
rainfall,nwp,24,R22,monsoon,clear,1.8331883046082016,0.7399696961463396,0.7386426086892464,16,2026-09-26
rainfall,nwp,24,R23,monsoon,clear,5.805952616661381,3.3111845526397325,3.31074764755548,16,2026-09-26
rainfall,nwp,24,R30,monsoon,clear,0.178942954985801,0.0925559496150366,-0.0925559496150366,16,2026-09-26
rainfall,nwp,24,R31,monsoon,clear,0.5540230757617322,0.2993904825930628,0.0072187299406776,16,2026-09-26
rainfall,nwp,24,R32,monsoon,clear,0.3025037013113961,0.1666247128106882,0.1659908116524794,16,2026-09-26
rainfall,nwp,24,R33,monsoon,clear,3.477016993572102,2.197950643969879,2.197950643969879,16,2026-09-26
wind,ensemble,24,R00,monsoon,clear,1.3875199547863806,1.2727623481163164,0.33147393103679623,16,2026-09-26
wind,ensemble,24,R01,monsoon,clear,2.5076347224261184,1.8530041065914176,1.5336579165027906,16,2026-09-26
wind,ensemble,24,R02,monsoon,clear,5.141880543801352,5.097620372791514,5.097620372791514,16,2026-09-26
wind,ensemble,24,R03,monsoon,clear,4.400628888052452,4.311523528528615,4.311523528528615,16,2026-09-26
wind,ensemble,24,R10,monsoon,clear,1.9701191950169892,1.721318834942205,-1.721318834942205,16,2026-09-26
wind,ensemble,24,R11,monsoon,clear,1.6853650157017832,1.2363874712796639,1.1740231444317035,16,2026-09-26
wind,ensemble,24,R12,monsoon,clear,2.703165665729374,2.2416560060547828,1.948199056516633,16,2026-09-26
wind,ensemble,24,R13,monsoon,clear,2.930798843957509,2.3707888002438526,2.2162098996224295,16,2026-09-26
wind,ensemble,24,R20,monsoon,clear,0.7459586053237206,0.5348262731231499,0.14129388919816496,16,2026-09-26
wind,ensemble,24,R21,monsoon,clear,0.9736878033365831,0.6807593936001021,0.04256557953089002,16,2026-09-26
wind,ensemble,24,R22,monsoon,clear,1.2032657466395593,1.0947544824260134,0.09015219533767273,16,2026-09-26
wind,ensemble,24,R23,monsoon,clear,0.9603291436502738,0.8325389106185819,0.6448029155550443,16,2026-09-26
wind,ensemble,24,R30,monsoon,clear,2.611115711222674,1.615204934455359,1.615204934455359,16,2026-09-26
wind,ensemble,24,R31,monsoon,clear,1.3725079622650806,1.2024790555355918,1.2024790555355918,16,2026-09-26
wind,ensemble,24,R32,monsoon,clear,1.217116160791054,0.9203596284118941,0.4956939866830812,16,2026-09-26
wind,ensemble,24,R33,monsoon,clear,0.7408433457703467,0.6193113271733617,0.35796570776140024,16,2026-09-26
wind,ensemble,24,R00,monsoon,clear,1.691824552077246,1.4003454450547035,1.4003454450547035,16,2026-09-26
wind,ensemble,24,R01,monsoon,clear,3.4581969650414144,2.673810914593312,2.370265604775914,16,2026-09-26
wind,ensemble,24,R02,monsoon,clear,6.88837875987022,6.833394222737673,6.833394222737673,16,2026-09-26
wind,ensemble,24,R03,monsoon,clear,3.8605953672044913,3.548537262128229,3.548537262128229,16,2026-09-26
wind,ensemble,24,R10,monsoon,clear,1.2453789941943998,0.9457830710844041,-0.9163730407207394,16,2026-09-26
wind,ensemble,24,R11,monsoon,clear,3.355540885636911,2.82032231823706,2.82032231823706,16,2026-09-26
wind,ensemble,24,R12,monsoon,clear,4.830250174519986,4.138561896870083,4.138561896870083,16,2026-09-26
wind,ensemble,24,R13,monsoon,clear,3.8508732784694564,2.9392186901970896,2.752395130682492,16,2026-09-26
wind,ensemble,24,R20,monsoon,clear,1.488445225777176,1.2482162199237452,1.1055854618568264,16,2026-09-26
wind,ensemble,24,R21,monsoon,clear,1.0345976002245065,0.7413580287179767,0.1838963331059333,16,2026-09-26
wind,ensemble,24,R22,monsoon,clear,1.1683516881251805,0.9623131710927948,0.9335064222942866,16,2026-09-26
wind,ensemble,24,R23,monsoon,clear,1.0695695653166721,0.8036847502469704,0.6620775093010735,16,2026-09-26
wind,ensemble,24,R30,monsoon,clear,2.652750608316432,1.690320860773334,1.667879506982033,16,2026-09-26
wind,ensemble,24,R31,monsoon,clear,1.3051392092683416,1.0297796935808154,1.0026155216905224,16,2026-09-26
wind,ensemble,24,R32,monsoon,clear,1.3978897326176396,1.2020415953344106,0.9957750627974246,16,2026-09-26
wind,ensemble,24,R33,monsoon,clear,1.1835689598423547,1.1204999949394756,0.8393461983171037,16,2026-09-26
wind,nwp,24,R00,monsoon,clear,1.6622572266220077,1.4603606031796565,0.6652413975205695,16,2026-09-26
wind,nwp,24,R01,monsoon,clear,2.1771246899970387,1.6418794313645353,1.0538365353139667,16,2026-09-26
wind,nwp,24,R02,monsoon,clear,4.760138440249448,4.672253218478612,4.672253218478612,16,2026-09-26
wind,nwp,24,R03,monsoon,clear,4.420710008230956,4.235226466899729,4.235226466899729,16,2026-09-26
wind,nwp,24,R10,monsoon,clear,2.1244684246106624,1.8214026673643293,-1.6808341338324213,16,2026-09-26
wind,nwp,24,R11,monsoon,clear,1.8986715607759455,1.3574160050771091,1.3574160050771091,16,2026-09-26
wind,nwp,24,R12,monsoon,clear,3.669509995774813,2.9607451849316857,2.5132171908903445,16,2026-09-26
wind,nwp,24,R13,monsoon,clear,3.8098769914795443,3.03482423784434,2.7403710465604973,16,2026-09-26
wind,nwp,24,R20,monsoon,clear,1.0061939176471109,0.839171079793341,0.46903556761503573,16,2026-09-26
wind,nwp,24,R21,monsoon,clear,0.9451992964225504,0.666588997610849,0.23311602633238343,16,2026-09-26
wind,nwp,24,R22,monsoon,clear,1.1338488913855067,0.9641246620567286,-0.04350557885511414,16,2026-09-26
wind,nwp,24,R23,monsoon,clear,0.9244313864634641,0.8087229305080187,0.6771740714054375,16,2026-09-26
wind,nwp,24,R30,monsoon,clear,1.7128215247763865,1.3383664327165565,0.8602952967995314,16,2026-09-26
wind,nwp,24,R31,monsoon,clear,1.0131072163345864,0.8385449193372092,0.7919080644796196,16,2026-09-26
wind,nwp,24,R32,monsoon,clear,1.4724099140258857,1.049171076284316,0.7515932408942536,16,2026-09-26
wind,nwp,24,R33,monsoon,clear,0.6607425787772178,0.5101779097633181,0.2561646409673028,16,2026-09-26
wind,nwp,24,R00,monsoon,clear,2.021467875676951,1.787817534130171,1.787817534130171,16,2026-09-26
wind,nwp,24,R01,monsoon,clear,3.21442206147415,2.470583381797025,2.1534803759432806,16,2026-09-26
wind,nwp,24,R02,monsoon,clear,6.346198032170876,6.280932696121642,6.280932696121642,16,2026-09-26
wind,nwp,24,R03,monsoon,clear,4.150532122129731,3.896765329820915,3.6678958750838695,16,2026-09-26
wind,nwp,24,R10,monsoon,clear,1.4638831634976925,1.172597573020443,-0.8430455216525878,16,2026-09-26
wind,nwp,24,R11,monsoon,clear,3.2481238477850956,2.580886926407786,2.5751905560475454,16,2026-09-26
wind,nwp,24,R12,monsoon,clear,6.0848454390905955,5.26304236167902,5.26304236167902,16,2026-09-26
wind,nwp,24,R13,monsoon,clear,4.268374357100926,3.3671352939533983,3.1330388382033,16,2026-09-26
wind,nwp,24,R20,monsoon,clear,1.728464800619484,1.4372663091192859,1.4029139183780526,16,2026-09-26
wind,nwp,24,R21,monsoon,clear,1.0702475707282388,0.7601435416858053,0.4612576728417569,16,2026-09-26
wind,nwp,24,R22,monsoon,clear,1.1057044500938016,0.9291233558936063,0.8787813740419425,16,2026-09-26
wind,nwp,24,R23,monsoon,clear,0.6973749742153049,0.5482919751324506,0.5179286216847697,16,2026-09-26
wind,nwp,24,R30,monsoon,clear,1.7680068707326253,1.2883297532126623,1.0694198715614334,16,2026-09-26
wind,nwp,24,R31,monsoon,clear,0.9125548673277243,0.7200362452752275,0.6847376262599707,16,2026-09-26
wind,nwp,24,R32,monsoon,clear,1.1586410149808075,0.9793573164568135,0.9793573164568135,16,2026-09-26
wind,nwp,24,R33,monsoon,clear,1.2467645108108112,1.1261073313508658,0.3982019582602881,16,2026-09-26
wind,ai,24,R00,monsoon,clear,0.9859057392252671,0.8775923708363389,-0.41808798276990683,16,2026-09-26
wind,ai,24,R01,monsoon,clear,0.643003872076896,0.4863044981567887,0.4657400161477034,16,2026-09-26
wind,ai,24,R02,monsoon,clear,1.4089805872833612,1.256314379837263,1.2225907683127075,16,2026-09-26
wind,ai,24,R03,monsoon,clear,1.4770966393594438,1.1479947613933998,0.6741062302883242,16,2026-09-26
wind,ai,24,R10,monsoon,clear,1.8647759540993751,1.4862533132540985,-1.4342021675481422,16,2026-09-26
wind,ai,24,R11,monsoon,clear,0.5595184700857061,0.36067086365317585,0.29633117694107436,16,2026-09-26
wind,ai,24,R12,monsoon,clear,1.631067555551421,1.1835344652826327,1.1680347382576612,16,2026-09-26
wind,ai,24,R13,monsoon,clear,1.1546020761620026,0.8617130046841402,0.6198635051119101,16,2026-09-26
wind,ai,24,R20,monsoon,clear,0.6379312698534049,0.49017057914452705,0.0934456998184721,16,2026-09-26
wind,ai,24,R21,monsoon,clear,0.35096515043815074,0.26232377875524615,0.1973377480663605,16,2026-09-26
wind,ai,24,R22,monsoon,clear,0.423628390694514,0.3689616159279002,0.1310061217867987,16,2026-09-26
wind,ai,24,R23,monsoon,clear,0.48038222099996086,0.4406661777692025,0.4406661777692025,16,2026-09-26
wind,ai,24,R30,monsoon,clear,0.4744606970147951,0.36869185888337214,0.2963223779477235,16,2026-09-26
wind,ai,24,R31,monsoon,clear,0.547564769679618,0.5049084215497674,0.5049084215497674,16,2026-09-26
wind,ai,24,R32,monsoon,clear,0.7703090690264554,0.6661401119516038,0.6661401119516038,16,2026-09-26
wind,ai,24,R33,monsoon,clear,1.4342983333649566,1.3077908265924707,1.3077908265924707,16,2026-09-26
wind,ai,24,R00,monsoon,clear,0.9859057392252671,0.8775923708363389,-0.41808798276990683,16,2026-09-26
wind,ai,24,R01,monsoon,clear,0.643003872076896,0.4863044981567887,0.4657400161477034,16,2026-09-26
wind,ai,24,R02,monsoon,clear,1.4089805872833612,1.256314379837263,1.2225907683127075,16,2026-09-26
wind,ai,24,R03,monsoon,clear,1.4770966393594438,1.1479947613933998,0.6741062302883242,16,2026-09-26
wind,ai,24,R10,monsoon,clear,1.8647759540993751,1.4862533132540985,-1.4342021675481422,16,2026-09-26
wind,ai,24,R11,monsoon,clear,0.5595184700857061,0.36067086365317585,0.29633117694107436,16,2026-09-26
wind,ai,24,R12,monsoon,clear,1.631067555551421,1.1835344652826327,1.1680347382576612,16,2026-09-26
wind,ai,24,R13,monsoon,clear,1.1546020761620026,0.8617130046841402,0.6198635051119101,16,2026-09-26
wind,ai,24,R20,monsoon,clear,0.6379312698534049,0.49017057914452705,0.0934456998184721,16,2026-09-26
wind,ai,24,R21,monsoon,clear,0.35096515043815074,0.26232377875524615,0.1973377480663605,16,2026-09-26
wind,ai,24,R22,monsoon,clear,0.423628390694514,0.3689616159279002,0.1310061217867987,16,2026-09-26
wind,ai,24,R23,monsoon,clear,0.48038222099996086,0.4406661777692025,0.4406661777692025,16,2026-09-26
wind,ai,24,R30,monsoon,clear,0.4744606970147951,0.36869185888337214,0.2963223779477235,16,2026-09-26
wind,ai,24,R31,monsoon,clear,0.547564769679618,0.5049084215497674,0.5049084215497674,16,2026-09-26
wind,ai,24,R32,monsoon,clear,0.7703090690264554,0.6661401119516038,0.6661401119516038,16,2026-09-26
wind,ai,24,R33,monsoon,clear,1.4342983333649566,1.3077908265924707,1.3077908265924707,16,2026-09-26
